,Id,TARGET_5Yrs
0,0,0.83546875
1,1,0.83546875
2,2,0.83546875
3,3,0.83546875
4,4,0.83546875
5,5,0.83546875
6,6,0.83546875
7,7,0.83546875
8,8,0.83546875
9,9,0.83546875
10,10,0.83546875
11,11,0.83546875
12,12,0.83546875
13,13,0.83546875
14,14,0.83546875
15,15,0.83546875
16,16,0.83546875
17,17,0.83546875
18,18,0.83546875
19,19,0.83546875
20,20,0.83546875
21,21,0.83546875
22,22,0.83546875
23,23,0.83546875
24,24,0.83546875
25,25,0.83546875
26,26,0.83546875
27,27,0.83546875
28,28,0.83546875
29,29,0.83546875
30,30,0.83546875
31,31,0.83546875
32,32,0.83546875
33,33,0.83546875
34,34,0.83546875
35,35,0.83546875
36,36,0.83546875
37,37,0.83546875
38,38,0.83546875
39,39,0.83546875
40,40,0.83546875
41,41,0.83546875
42,42,0.83546875
43,43,0.83546875
44,44,0.83546875
45,45,0.83546875
46,46,0.83546875
47,47,0.83546875
48,48,0.83546875
49,49,0.83546875
50,50,0.83546875
51,51,0.83546875
52,52,0.83546875
53,53,0.83546875
54,54,0.83546875
55,55,0.83546875
56,56,0.83546875
57,57,0.83546875
58,58,0.83546875
59,59,0.83546875
60,60,0.83546875
61,61,0.83546875
62,62,0.83546875
63,63,0.83546875
64,64,0.83546875
65,65,0.83546875
66,66,0.83546875
67,67,0.83546875
68,68,0.83546875
69,69,0.83546875
70,70,0.83546875
71,71,0.83546875
72,72,0.83546875
73,73,0.83546875
74,74,0.83546875
75,75,0.83546875
76,76,0.83546875
77,77,0.83546875
78,78,0.83546875
79,79,0.83546875
80,80,0.83546875
81,81,0.83546875
82,82,0.83546875
83,83,0.83546875
84,84,0.83546875
85,85,0.83546875
86,86,0.83546875
87,87,0.83546875
88,88,0.83546875
89,89,0.83546875
90,90,0.83546875
91,91,0.83546875
92,92,0.83546875
93,93,0.83546875
94,94,0.83546875
95,95,0.83546875
96,96,0.83546875
97,97,0.83546875
98,98,0.83546875
99,99,0.83546875
100,100,0.83546875
101,101,0.83546875
102,102,0.83546875
103,103,0.83546875
104,104,0.83546875
105,105,0.83546875
106,106,0.83546875
107,107,0.83546875
108,108,0.83546875
109,109,0.83546875
110,110,0.83546875
111,111,0.83546875
112,112,0.83546875
113,113,0.83546875
114,114,0.83546875
115,115,0.83546875
116,116,0.83546875
117,117,0.83546875
118,118,0.83546875
119,119,0.83546875
120,120,0.83546875
121,121,0.83546875
122,122,0.83546875
123,123,0.83546875
124,124,0.83546875
125,125,0.83546875
126,126,0.83546875
127,127,0.83546875
128,128,0.83546875
129,129,0.83546875
130,130,0.83546875
131,131,0.83546875
132,132,0.83546875
133,133,0.83546875
134,134,0.83546875
135,135,0.83546875
136,136,0.83546875
137,137,0.83546875
138,138,0.83546875
139,139,0.83546875
140,140,0.83546875
141,141,0.83546875
142,142,0.83546875
143,143,0.83546875
144,144,0.83546875
145,145,0.83546875
146,146,0.83546875
147,147,0.83546875
148,148,0.83546875
149,149,0.83546875
150,150,0.83546875
151,151,0.83546875
152,152,0.83546875
153,153,0.83546875
154,154,0.83546875
155,155,0.83546875
156,156,0.83546875
157,157,0.83546875
158,158,0.83546875
159,159,0.83546875
160,160,0.83546875
161,161,0.83546875
162,162,0.83546875
163,163,0.83546875
164,164,0.83546875
165,165,0.83546875
166,166,0.83546875
167,167,0.83546875
168,168,0.83546875
169,169,0.83546875
170,170,0.83546875
171,171,0.83546875
172,172,0.83546875
173,173,0.83546875
174,174,0.83546875
175,175,0.83546875
176,176,0.83546875
177,177,0.83546875
178,178,0.83546875
179,179,0.83546875
180,180,0.83546875
181,181,0.83546875
182,182,0.83546875
183,183,0.83546875
184,184,0.83546875
185,185,0.83546875
186,186,0.83546875
187,187,0.83546875
188,188,0.83546875
189,189,0.83546875
190,190,0.83546875
191,191,0.83546875
192,192,0.83546875
193,193,0.83546875
194,194,0.83546875
195,195,0.83546875
196,196,0.83546875
197,197,0.83546875
198,198,0.83546875
199,199,0.83546875
200,200,0.83546875
201,201,0.83546875
202,202,0.83546875
203,203,0.83546875
204,204,0.83546875
205,205,0.83546875
206,206,0.83546875
207,207,0.83546875
208,208,0.83546875
209,209,0.83546875
210,210,0.83546875
211,211,0.83546875
212,212,0.83546875
213,213,0.83546875
214,214,0.83546875
215,215,0.83546875
216,216,0.83546875
217,217,0.83546875
218,218,0.83546875
219,219,0.83546875
220,220,0.83546875
221,221,0.83546875
222,222,0.83546875
223,223,0.83546875
224,224,0.83546875
225,225,0.83546875
226,226,0.83546875
227,227,0.83546875
228,228,0.83546875
229,229,0.83546875
230,230,0.83546875
231,231,0.83546875
232,232,0.83546875
233,233,0.83546875
234,234,0.83546875
235,235,0.83546875
236,236,0.83546875
237,237,0.83546875
238,238,0.83546875
239,239,0.83546875
240,240,0.83546875
241,241,0.83546875
242,242,0.83546875
243,243,0.83546875
244,244,0.83546875
245,245,0.83546875
246,246,0.83546875
247,247,0.83546875
248,248,0.83546875
249,249,0.83546875
250,250,0.83546875
251,251,0.83546875
252,252,0.83546875
253,253,0.83546875
254,254,0.83546875
255,255,0.83546875
256,256,0.83546875
257,257,0.83546875
258,258,0.83546875
259,259,0.83546875
260,260,0.83546875
261,261,0.83546875
262,262,0.83546875
263,263,0.83546875
264,264,0.83546875
265,265,0.83546875
266,266,0.83546875
267,267,0.83546875
268,268,0.83546875
269,269,0.83546875
270,270,0.83546875
271,271,0.83546875
272,272,0.83546875
273,273,0.83546875
274,274,0.83546875
275,275,0.83546875
276,276,0.83546875
277,277,0.83546875
278,278,0.83546875
279,279,0.83546875
280,280,0.83546875
281,281,0.83546875
282,282,0.83546875
283,283,0.83546875
284,284,0.83546875
285,285,0.83546875
286,286,0.83546875
287,287,0.83546875
288,288,0.83546875
289,289,0.83546875
290,290,0.83546875
291,291,0.83546875
292,292,0.83546875
293,293,0.83546875
294,294,0.83546875
295,295,0.83546875
296,296,0.83546875
297,297,0.83546875
298,298,0.83546875
299,299,0.83546875
300,300,0.83546875
301,301,0.83546875
302,302,0.83546875
303,303,0.83546875
304,304,0.83546875
305,305,0.83546875
306,306,0.83546875
307,307,0.83546875
308,308,0.83546875
309,309,0.83546875
310,310,0.83546875
311,311,0.83546875
312,312,0.83546875
313,313,0.83546875
314,314,0.83546875
315,315,0.83546875
316,316,0.83546875
317,317,0.83546875
318,318,0.83546875
319,319,0.83546875
320,320,0.83546875
321,321,0.83546875
322,322,0.83546875
323,323,0.83546875
324,324,0.83546875
325,325,0.83546875
326,326,0.83546875
327,327,0.83546875
328,328,0.83546875
329,329,0.83546875
330,330,0.83546875
331,331,0.83546875
332,332,0.83546875
333,333,0.83546875
334,334,0.83546875
335,335,0.83546875
336,336,0.83546875
337,337,0.83546875
338,338,0.83546875
339,339,0.83546875
340,340,0.83546875
341,341,0.83546875
342,342,0.83546875
343,343,0.83546875
344,344,0.83546875
345,345,0.83546875
346,346,0.83546875
347,347,0.83546875
348,348,0.83546875
349,349,0.83546875
350,350,0.83546875
351,351,0.83546875
352,352,0.83546875
353,353,0.83546875
354,354,0.83546875
355,355,0.83546875
356,356,0.83546875
357,357,0.83546875
358,358,0.83546875
359,359,0.83546875
360,360,0.83546875
361,361,0.83546875
362,362,0.83546875
363,363,0.83546875
364,364,0.83546875
365,365,0.83546875
366,366,0.83546875
367,367,0.83546875
368,368,0.83546875
369,369,0.83546875
370,370,0.83546875
371,371,0.83546875
372,372,0.83546875
373,373,0.83546875
374,374,0.83546875
375,375,0.83546875
376,376,0.83546875
377,377,0.83546875
378,378,0.83546875
379,379,0.83546875
380,380,0.83546875
381,381,0.83546875
382,382,0.83546875
383,383,0.83546875
384,384,0.83546875
385,385,0.83546875
386,386,0.83546875
387,387,0.83546875
388,388,0.83546875
389,389,0.83546875
390,390,0.83546875
391,391,0.83546875
392,392,0.83546875
393,393,0.83546875
394,394,0.83546875
395,395,0.83546875
396,396,0.83546875
397,397,0.83546875
398,398,0.83546875
399,399,0.83546875
400,400,0.83546875
401,401,0.83546875
402,402,0.83546875
403,403,0.83546875
404,404,0.83546875
405,405,0.83546875
406,406,0.83546875
407,407,0.83546875
408,408,0.83546875
409,409,0.83546875
410,410,0.83546875
411,411,0.83546875
412,412,0.83546875
413,413,0.83546875
414,414,0.83546875
415,415,0.83546875
416,416,0.83546875
417,417,0.83546875
418,418,0.83546875
419,419,0.83546875
420,420,0.83546875
421,421,0.83546875
422,422,0.83546875
423,423,0.83546875
424,424,0.83546875
425,425,0.83546875
426,426,0.83546875
427,427,0.83546875
428,428,0.83546875
429,429,0.83546875
430,430,0.83546875
431,431,0.83546875
432,432,0.83546875
433,433,0.83546875
434,434,0.83546875
435,435,0.83546875
436,436,0.83546875
437,437,0.83546875
438,438,0.83546875
439,439,0.83546875
440,440,0.83546875
441,441,0.83546875
442,442,0.83546875
443,443,0.83546875
444,444,0.83546875
445,445,0.83546875
446,446,0.83546875
447,447,0.83546875
448,448,0.83546875
449,449,0.83546875
450,450,0.83546875
451,451,0.83546875
452,452,0.83546875
453,453,0.83546875
454,454,0.83546875
455,455,0.83546875
456,456,0.83546875
457,457,0.83546875
458,458,0.83546875
459,459,0.83546875
460,460,0.83546875
461,461,0.83546875
462,462,0.83546875
463,463,0.83546875
464,464,0.83546875
465,465,0.83546875
466,466,0.83546875
467,467,0.83546875
468,468,0.83546875
469,469,0.83546875
470,470,0.83546875
471,471,0.83546875
472,472,0.83546875
473,473,0.83546875
474,474,0.83546875
475,475,0.83546875
476,476,0.83546875
477,477,0.83546875
478,478,0.83546875
479,479,0.83546875
480,480,0.83546875
481,481,0.83546875
482,482,0.83546875
483,483,0.83546875
484,484,0.83546875
485,485,0.83546875
486,486,0.83546875
487,487,0.83546875
488,488,0.83546875
489,489,0.83546875
490,490,0.83546875
491,491,0.83546875
492,492,0.83546875
493,493,0.83546875
494,494,0.83546875
495,495,0.83546875
496,496,0.83546875
497,497,0.83546875
498,498,0.83546875
499,499,0.83546875
500,500,0.83546875
501,501,0.83546875
502,502,0.83546875
503,503,0.83546875
504,504,0.83546875
505,505,0.83546875
506,506,0.83546875
507,507,0.83546875
508,508,0.83546875
509,509,0.83546875
510,510,0.83546875
511,511,0.83546875
512,512,0.83546875
513,513,0.83546875
514,514,0.83546875
515,515,0.83546875
516,516,0.83546875
517,517,0.83546875
518,518,0.83546875
519,519,0.83546875
520,520,0.83546875
521,521,0.83546875
522,522,0.83546875
523,523,0.83546875
524,524,0.83546875
525,525,0.83546875
526,526,0.83546875
527,527,0.83546875
528,528,0.83546875
529,529,0.83546875
530,530,0.83546875
531,531,0.83546875
532,532,0.83546875
533,533,0.83546875
534,534,0.83546875
535,535,0.83546875
536,536,0.83546875
537,537,0.83546875
538,538,0.83546875
539,539,0.83546875
540,540,0.83546875
541,541,0.83546875
542,542,0.83546875
543,543,0.83546875
544,544,0.83546875
545,545,0.83546875
546,546,0.83546875
547,547,0.83546875
548,548,0.83546875
549,549,0.83546875
550,550,0.83546875
551,551,0.83546875
552,552,0.83546875
553,553,0.83546875
554,554,0.83546875
555,555,0.83546875
556,556,0.83546875
557,557,0.83546875
558,558,0.83546875
559,559,0.83546875
560,560,0.83546875
561,561,0.83546875
562,562,0.83546875
563,563,0.83546875
564,564,0.83546875
565,565,0.83546875
566,566,0.83546875
567,567,0.83546875
568,568,0.83546875
569,569,0.83546875
570,570,0.83546875
571,571,0.83546875
572,572,0.83546875
573,573,0.83546875
574,574,0.83546875
575,575,0.83546875
576,576,0.83546875
577,577,0.83546875
578,578,0.83546875
579,579,0.83546875
580,580,0.83546875
581,581,0.83546875
582,582,0.83546875
583,583,0.83546875
584,584,0.83546875
585,585,0.83546875
586,586,0.83546875
587,587,0.83546875
588,588,0.83546875
589,589,0.83546875
590,590,0.83546875
591,591,0.83546875
592,592,0.83546875
593,593,0.83546875
594,594,0.83546875
595,595,0.83546875
596,596,0.83546875
597,597,0.83546875
598,598,0.83546875
599,599,0.83546875
600,600,0.83546875
601,601,0.83546875
602,602,0.83546875
603,603,0.83546875
604,604,0.83546875
605,605,0.83546875
606,606,0.83546875
607,607,0.83546875
608,608,0.83546875
609,609,0.83546875
610,610,0.83546875
611,611,0.83546875
612,612,0.83546875
613,613,0.83546875
614,614,0.83546875
615,615,0.83546875
616,616,0.83546875
617,617,0.83546875
618,618,0.83546875
619,619,0.83546875
620,620,0.83546875
621,621,0.83546875
622,622,0.83546875
623,623,0.83546875
624,624,0.83546875
625,625,0.83546875
626,626,0.83546875
627,627,0.83546875
628,628,0.83546875
629,629,0.83546875
630,630,0.83546875
631,631,0.83546875
632,632,0.83546875
633,633,0.83546875
634,634,0.83546875
635,635,0.83546875
636,636,0.83546875
637,637,0.83546875
638,638,0.83546875
639,639,0.83546875
640,640,0.83546875
641,641,0.83546875
642,642,0.83546875
643,643,0.83546875
644,644,0.83546875
645,645,0.83546875
646,646,0.83546875
647,647,0.83546875
648,648,0.83546875
649,649,0.83546875
650,650,0.83546875
651,651,0.83546875
652,652,0.83546875
653,653,0.83546875
654,654,0.83546875
655,655,0.83546875
656,656,0.83546875
657,657,0.83546875
658,658,0.83546875
659,659,0.83546875
660,660,0.83546875
661,661,0.83546875
662,662,0.83546875
663,663,0.83546875
664,664,0.83546875
665,665,0.83546875
666,666,0.83546875
667,667,0.83546875
668,668,0.83546875
669,669,0.83546875
670,670,0.83546875
671,671,0.83546875
672,672,0.83546875
673,673,0.83546875
674,674,0.83546875
675,675,0.83546875
676,676,0.83546875
677,677,0.83546875
678,678,0.83546875
679,679,0.83546875
680,680,0.83546875
681,681,0.83546875
682,682,0.83546875
683,683,0.83546875
684,684,0.83546875
685,685,0.83546875
686,686,0.83546875
687,687,0.83546875
688,688,0.83546875
689,689,0.83546875
690,690,0.83546875
691,691,0.83546875
692,692,0.83546875
693,693,0.83546875
694,694,0.83546875
695,695,0.83546875
696,696,0.83546875
697,697,0.83546875
698,698,0.83546875
699,699,0.83546875
700,700,0.83546875
701,701,0.83546875
702,702,0.83546875
703,703,0.83546875
704,704,0.83546875
705,705,0.83546875
706,706,0.83546875
707,707,0.83546875
708,708,0.83546875
709,709,0.83546875
710,710,0.83546875
711,711,0.83546875
712,712,0.83546875
713,713,0.83546875
714,714,0.83546875
715,715,0.83546875
716,716,0.83546875
717,717,0.83546875
718,718,0.83546875
719,719,0.83546875
720,720,0.83546875
721,721,0.83546875
722,722,0.83546875
723,723,0.83546875
724,724,0.83546875
725,725,0.83546875
726,726,0.83546875
727,727,0.83546875
728,728,0.83546875
729,729,0.83546875
730,730,0.83546875
731,731,0.83546875
732,732,0.83546875
733,733,0.83546875
734,734,0.83546875
735,735,0.83546875
736,736,0.83546875
737,737,0.83546875
738,738,0.83546875
739,739,0.83546875
740,740,0.83546875
741,741,0.83546875
742,742,0.83546875
743,743,0.83546875
744,744,0.83546875
745,745,0.83546875
746,746,0.83546875
747,747,0.83546875
748,748,0.83546875
749,749,0.83546875
750,750,0.83546875
751,751,0.83546875
752,752,0.83546875
753,753,0.83546875
754,754,0.83546875
755,755,0.83546875
756,756,0.83546875
757,757,0.83546875
758,758,0.83546875
759,759,0.83546875
760,760,0.83546875
761,761,0.83546875
762,762,0.83546875
763,763,0.83546875
764,764,0.83546875
765,765,0.83546875
766,766,0.83546875
767,767,0.83546875
768,768,0.83546875
769,769,0.83546875
770,770,0.83546875
771,771,0.83546875
772,772,0.83546875
773,773,0.83546875
774,774,0.83546875
775,775,0.83546875
776,776,0.83546875
777,777,0.83546875
778,778,0.83546875
779,779,0.83546875
780,780,0.83546875
781,781,0.83546875
782,782,0.83546875
783,783,0.83546875
784,784,0.83546875
785,785,0.83546875
786,786,0.83546875
787,787,0.83546875
788,788,0.83546875
789,789,0.83546875
790,790,0.83546875
791,791,0.83546875
792,792,0.83546875
793,793,0.83546875
794,794,0.83546875
795,795,0.83546875
796,796,0.83546875
797,797,0.83546875
798,798,0.83546875
799,799,0.83546875
800,800,0.83546875
801,801,0.83546875
802,802,0.83546875
803,803,0.83546875
804,804,0.83546875
805,805,0.83546875
806,806,0.83546875
807,807,0.83546875
808,808,0.83546875
809,809,0.83546875
810,810,0.83546875
811,811,0.83546875
812,812,0.83546875
813,813,0.83546875
814,814,0.83546875
815,815,0.83546875
816,816,0.83546875
817,817,0.83546875
818,818,0.83546875
819,819,0.83546875
820,820,0.83546875
821,821,0.83546875
822,822,0.83546875
823,823,0.83546875
824,824,0.83546875
825,825,0.83546875
826,826,0.83546875
827,827,0.83546875
828,828,0.83546875
829,829,0.83546875
830,830,0.83546875
831,831,0.83546875
832,832,0.83546875
833,833,0.83546875
834,834,0.83546875
835,835,0.83546875
836,836,0.83546875
837,837,0.83546875
838,838,0.83546875
839,839,0.83546875
840,840,0.83546875
841,841,0.83546875
842,842,0.83546875
843,843,0.83546875
844,844,0.83546875
845,845,0.83546875
846,846,0.83546875
847,847,0.83546875
848,848,0.83546875
849,849,0.83546875
850,850,0.83546875
851,851,0.83546875
852,852,0.83546875
853,853,0.83546875
854,854,0.83546875
855,855,0.83546875
856,856,0.83546875
857,857,0.83546875
858,858,0.83546875
859,859,0.83546875
860,860,0.83546875
861,861,0.83546875
862,862,0.83546875
863,863,0.83546875
864,864,0.83546875
865,865,0.83546875
866,866,0.83546875
867,867,0.83546875
868,868,0.83546875
869,869,0.83546875
870,870,0.83546875
871,871,0.83546875
872,872,0.83546875
873,873,0.83546875
874,874,0.83546875
875,875,0.83546875
876,876,0.83546875
877,877,0.83546875
878,878,0.83546875
879,879,0.83546875
880,880,0.83546875
881,881,0.83546875
882,882,0.83546875
883,883,0.83546875
884,884,0.83546875
885,885,0.83546875
886,886,0.83546875
887,887,0.83546875
888,888,0.83546875
889,889,0.83546875
890,890,0.83546875
891,891,0.83546875
892,892,0.83546875
893,893,0.83546875
894,894,0.83546875
895,895,0.83546875
896,896,0.83546875
897,897,0.83546875
898,898,0.83546875
899,899,0.83546875
900,900,0.83546875
901,901,0.83546875
902,902,0.83546875
903,903,0.83546875
904,904,0.83546875
905,905,0.83546875
906,906,0.83546875
907,907,0.83546875
908,908,0.83546875
909,909,0.83546875
910,910,0.83546875
911,911,0.83546875
912,912,0.83546875
913,913,0.83546875
914,914,0.83546875
915,915,0.83546875
916,916,0.83546875
917,917,0.83546875
918,918,0.83546875
919,919,0.83546875
920,920,0.83546875
921,921,0.83546875
922,922,0.83546875
923,923,0.83546875
924,924,0.83546875
925,925,0.83546875
926,926,0.83546875
927,927,0.83546875
928,928,0.83546875
929,929,0.83546875
930,930,0.83546875
931,931,0.83546875
932,932,0.83546875
933,933,0.83546875
934,934,0.83546875
935,935,0.83546875
936,936,0.83546875
937,937,0.83546875
938,938,0.83546875
939,939,0.83546875
940,940,0.83546875
941,941,0.83546875
942,942,0.83546875
943,943,0.83546875
944,944,0.83546875
945,945,0.83546875
946,946,0.83546875
947,947,0.83546875
948,948,0.83546875
949,949,0.83546875
950,950,0.83546875
951,951,0.83546875
952,952,0.83546875
953,953,0.83546875
954,954,0.83546875
955,955,0.83546875
956,956,0.83546875
957,957,0.83546875
958,958,0.83546875
959,959,0.83546875
960,960,0.83546875
961,961,0.83546875
962,962,0.83546875
963,963,0.83546875
964,964,0.83546875
965,965,0.83546875
966,966,0.83546875
967,967,0.83546875
968,968,0.83546875
969,969,0.83546875
970,970,0.83546875
971,971,0.83546875
972,972,0.83546875
973,973,0.83546875
974,974,0.83546875
975,975,0.83546875
976,976,0.83546875
977,977,0.83546875
978,978,0.83546875
979,979,0.83546875
980,980,0.83546875
981,981,0.83546875
982,982,0.83546875
983,983,0.83546875
984,984,0.83546875
985,985,0.83546875
986,986,0.83546875
987,987,0.83546875
988,988,0.83546875
989,989,0.83546875
990,990,0.83546875
991,991,0.83546875
992,992,0.83546875
993,993,0.83546875
994,994,0.83546875
995,995,0.83546875
996,996,0.83546875
997,997,0.83546875
998,998,0.83546875
999,999,0.83546875
1000,1000,0.83546875
1001,1001,0.83546875
1002,1002,0.83546875
1003,1003,0.83546875
1004,1004,0.83546875
1005,1005,0.83546875
1006,1006,0.83546875
1007,1007,0.83546875
1008,1008,0.83546875
1009,1009,0.83546875
1010,1010,0.83546875
1011,1011,0.83546875
1012,1012,0.83546875
1013,1013,0.83546875
1014,1014,0.83546875
1015,1015,0.83546875
1016,1016,0.83546875
1017,1017,0.83546875
1018,1018,0.83546875
1019,1019,0.83546875
1020,1020,0.83546875
1021,1021,0.83546875
1022,1022,0.83546875
1023,1023,0.83546875
1024,1024,0.83546875
1025,1025,0.83546875
1026,1026,0.83546875
1027,1027,0.83546875
1028,1028,0.83546875
1029,1029,0.83546875
1030,1030,0.83546875
1031,1031,0.83546875
1032,1032,0.83546875
1033,1033,0.83546875
1034,1034,0.83546875
1035,1035,0.83546875
1036,1036,0.83546875
1037,1037,0.83546875
1038,1038,0.83546875
1039,1039,0.83546875
1040,1040,0.83546875
1041,1041,0.83546875
1042,1042,0.83546875
1043,1043,0.83546875
1044,1044,0.83546875
1045,1045,0.83546875
1046,1046,0.83546875
1047,1047,0.83546875
1048,1048,0.83546875
1049,1049,0.83546875
1050,1050,0.83546875
1051,1051,0.83546875
1052,1052,0.83546875
1053,1053,0.83546875
1054,1054,0.83546875
1055,1055,0.83546875
1056,1056,0.83546875
1057,1057,0.83546875
1058,1058,0.83546875
1059,1059,0.83546875
1060,1060,0.83546875
1061,1061,0.83546875
1062,1062,0.83546875
1063,1063,0.83546875
1064,1064,0.83546875
1065,1065,0.83546875
1066,1066,0.83546875
1067,1067,0.83546875
1068,1068,0.83546875
1069,1069,0.83546875
1070,1070,0.83546875
1071,1071,0.83546875
1072,1072,0.83546875
1073,1073,0.83546875
1074,1074,0.83546875
1075,1075,0.83546875
1076,1076,0.83546875
1077,1077,0.83546875
1078,1078,0.83546875
1079,1079,0.83546875
1080,1080,0.83546875
1081,1081,0.83546875
1082,1082,0.83546875
1083,1083,0.83546875
1084,1084,0.83546875
1085,1085,0.83546875
1086,1086,0.83546875
1087,1087,0.83546875
1088,1088,0.83546875
1089,1089,0.83546875
1090,1090,0.83546875
1091,1091,0.83546875
1092,1092,0.83546875
1093,1093,0.83546875
1094,1094,0.83546875
1095,1095,0.83546875
1096,1096,0.83546875
1097,1097,0.83546875
1098,1098,0.83546875
1099,1099,0.83546875
1100,1100,0.83546875
1101,1101,0.83546875
1102,1102,0.83546875
1103,1103,0.83546875
1104,1104,0.83546875
1105,1105,0.83546875
1106,1106,0.83546875
1107,1107,0.83546875
1108,1108,0.83546875
1109,1109,0.83546875
1110,1110,0.83546875
1111,1111,0.83546875
1112,1112,0.83546875
1113,1113,0.83546875
1114,1114,0.83546875
1115,1115,0.83546875
1116,1116,0.83546875
1117,1117,0.83546875
1118,1118,0.83546875
1119,1119,0.83546875
1120,1120,0.83546875
1121,1121,0.83546875
1122,1122,0.83546875
1123,1123,0.83546875
1124,1124,0.83546875
1125,1125,0.83546875
1126,1126,0.83546875
1127,1127,0.83546875
1128,1128,0.83546875
1129,1129,0.83546875
1130,1130,0.83546875
1131,1131,0.83546875
1132,1132,0.83546875
1133,1133,0.83546875
1134,1134,0.83546875
1135,1135,0.83546875
1136,1136,0.83546875
1137,1137,0.83546875
1138,1138,0.83546875
1139,1139,0.83546875
1140,1140,0.83546875
1141,1141,0.83546875
1142,1142,0.83546875
1143,1143,0.83546875
1144,1144,0.83546875
1145,1145,0.83546875
1146,1146,0.83546875
1147,1147,0.83546875
1148,1148,0.83546875
1149,1149,0.83546875
1150,1150,0.83546875
1151,1151,0.83546875
1152,1152,0.83546875
1153,1153,0.83546875
1154,1154,0.83546875
1155,1155,0.83546875
1156,1156,0.83546875
1157,1157,0.83546875
1158,1158,0.83546875
1159,1159,0.83546875
1160,1160,0.83546875
1161,1161,0.83546875
1162,1162,0.83546875
1163,1163,0.83546875
1164,1164,0.83546875
1165,1165,0.83546875
1166,1166,0.83546875
1167,1167,0.83546875
1168,1168,0.83546875
1169,1169,0.83546875
1170,1170,0.83546875
1171,1171,0.83546875
1172,1172,0.83546875
1173,1173,0.83546875
1174,1174,0.83546875
1175,1175,0.83546875
1176,1176,0.83546875
1177,1177,0.83546875
1178,1178,0.83546875
1179,1179,0.83546875
1180,1180,0.83546875
1181,1181,0.83546875
1182,1182,0.83546875
1183,1183,0.83546875
1184,1184,0.83546875
1185,1185,0.83546875
1186,1186,0.83546875
1187,1187,0.83546875
1188,1188,0.83546875
1189,1189,0.83546875
1190,1190,0.83546875
1191,1191,0.83546875
1192,1192,0.83546875
1193,1193,0.83546875
1194,1194,0.83546875
1195,1195,0.83546875
1196,1196,0.83546875
1197,1197,0.83546875
1198,1198,0.83546875
1199,1199,0.83546875
1200,1200,0.83546875
1201,1201,0.83546875
1202,1202,0.83546875
1203,1203,0.83546875
1204,1204,0.83546875
1205,1205,0.83546875
1206,1206,0.83546875
1207,1207,0.83546875
1208,1208,0.83546875
1209,1209,0.83546875
1210,1210,0.83546875
1211,1211,0.83546875
1212,1212,0.83546875
1213,1213,0.83546875
1214,1214,0.83546875
1215,1215,0.83546875
1216,1216,0.83546875
1217,1217,0.83546875
1218,1218,0.83546875
1219,1219,0.83546875
1220,1220,0.83546875
1221,1221,0.83546875
1222,1222,0.83546875
1223,1223,0.83546875
1224,1224,0.83546875
1225,1225,0.83546875
1226,1226,0.83546875
1227,1227,0.83546875
1228,1228,0.83546875
1229,1229,0.83546875
1230,1230,0.83546875
1231,1231,0.83546875
1232,1232,0.83546875
1233,1233,0.83546875
1234,1234,0.83546875
1235,1235,0.83546875
1236,1236,0.83546875
1237,1237,0.83546875
1238,1238,0.83546875
1239,1239,0.83546875
1240,1240,0.83546875
1241,1241,0.83546875
1242,1242,0.83546875
1243,1243,0.83546875
1244,1244,0.83546875
1245,1245,0.83546875
1246,1246,0.83546875
1247,1247,0.83546875
1248,1248,0.83546875
1249,1249,0.83546875
1250,1250,0.83546875
1251,1251,0.83546875
1252,1252,0.83546875
1253,1253,0.83546875
1254,1254,0.83546875
1255,1255,0.83546875
1256,1256,0.83546875
1257,1257,0.83546875
1258,1258,0.83546875
1259,1259,0.83546875
1260,1260,0.83546875
1261,1261,0.83546875
1262,1262,0.83546875
1263,1263,0.83546875
1264,1264,0.83546875
1265,1265,0.83546875
1266,1266,0.83546875
1267,1267,0.83546875
1268,1268,0.83546875
1269,1269,0.83546875
1270,1270,0.83546875
1271,1271,0.83546875
1272,1272,0.83546875
1273,1273,0.83546875
1274,1274,0.83546875
1275,1275,0.83546875
1276,1276,0.83546875
1277,1277,0.83546875
1278,1278,0.83546875
1279,1279,0.83546875
1280,1280,0.83546875
1281,1281,0.83546875
1282,1282,0.83546875
1283,1283,0.83546875
1284,1284,0.83546875
1285,1285,0.83546875
1286,1286,0.83546875
1287,1287,0.83546875
1288,1288,0.83546875
1289,1289,0.83546875
1290,1290,0.83546875
1291,1291,0.83546875
1292,1292,0.83546875
1293,1293,0.83546875
1294,1294,0.83546875
1295,1295,0.83546875
1296,1296,0.83546875
1297,1297,0.83546875
1298,1298,0.83546875
1299,1299,0.83546875
1300,1300,0.83546875
1301,1301,0.83546875
1302,1302,0.83546875
1303,1303,0.83546875
1304,1304,0.83546875
1305,1305,0.83546875
1306,1306,0.83546875
1307,1307,0.83546875
1308,1308,0.83546875
1309,1309,0.83546875
1310,1310,0.83546875
1311,1311,0.83546875
1312,1312,0.83546875
1313,1313,0.83546875
1314,1314,0.83546875
1315,1315,0.83546875
1316,1316,0.83546875
1317,1317,0.83546875
1318,1318,0.83546875
1319,1319,0.83546875
1320,1320,0.83546875
1321,1321,0.83546875
1322,1322,0.83546875
1323,1323,0.83546875
1324,1324,0.83546875
1325,1325,0.83546875
1326,1326,0.83546875
1327,1327,0.83546875
1328,1328,0.83546875
1329,1329,0.83546875
1330,1330,0.83546875
1331,1331,0.83546875
1332,1332,0.83546875
1333,1333,0.83546875
1334,1334,0.83546875
1335,1335,0.83546875
1336,1336,0.83546875
1337,1337,0.83546875
1338,1338,0.83546875
1339,1339,0.83546875
1340,1340,0.83546875
1341,1341,0.83546875
1342,1342,0.83546875
1343,1343,0.83546875
1344,1344,0.83546875
1345,1345,0.83546875
1346,1346,0.83546875
1347,1347,0.83546875
1348,1348,0.83546875
1349,1349,0.83546875
1350,1350,0.83546875
1351,1351,0.83546875
1352,1352,0.83546875
1353,1353,0.83546875
1354,1354,0.83546875
1355,1355,0.83546875
1356,1356,0.83546875
1357,1357,0.83546875
1358,1358,0.83546875
1359,1359,0.83546875
1360,1360,0.83546875
1361,1361,0.83546875
1362,1362,0.83546875
1363,1363,0.83546875
1364,1364,0.83546875
1365,1365,0.83546875
1366,1366,0.83546875
1367,1367,0.83546875
1368,1368,0.83546875
1369,1369,0.83546875
1370,1370,0.83546875
1371,1371,0.83546875
1372,1372,0.83546875
1373,1373,0.83546875
1374,1374,0.83546875
1375,1375,0.83546875
1376,1376,0.83546875
1377,1377,0.83546875
1378,1378,0.83546875
1379,1379,0.83546875
1380,1380,0.83546875
1381,1381,0.83546875
1382,1382,0.83546875
1383,1383,0.83546875
1384,1384,0.83546875
1385,1385,0.83546875
1386,1386,0.83546875
1387,1387,0.83546875
1388,1388,0.83546875
1389,1389,0.83546875
1390,1390,0.83546875
1391,1391,0.83546875
1392,1392,0.83546875
1393,1393,0.83546875
1394,1394,0.83546875
1395,1395,0.83546875
1396,1396,0.83546875
1397,1397,0.83546875
1398,1398,0.83546875
1399,1399,0.83546875
1400,1400,0.83546875
1401,1401,0.83546875
1402,1402,0.83546875
1403,1403,0.83546875
1404,1404,0.83546875
1405,1405,0.83546875
1406,1406,0.83546875
1407,1407,0.83546875
1408,1408,0.83546875
1409,1409,0.83546875
1410,1410,0.83546875
1411,1411,0.83546875
1412,1412,0.83546875
1413,1413,0.83546875
1414,1414,0.83546875
1415,1415,0.83546875
1416,1416,0.83546875
1417,1417,0.83546875
1418,1418,0.83546875
1419,1419,0.83546875
1420,1420,0.83546875
1421,1421,0.83546875
1422,1422,0.83546875
1423,1423,0.83546875
1424,1424,0.83546875
1425,1425,0.83546875
1426,1426,0.83546875
1427,1427,0.83546875
1428,1428,0.83546875
1429,1429,0.83546875
1430,1430,0.83546875
1431,1431,0.83546875
1432,1432,0.83546875
1433,1433,0.83546875
1434,1434,0.83546875
1435,1435,0.83546875
1436,1436,0.83546875
1437,1437,0.83546875
1438,1438,0.83546875
1439,1439,0.83546875
1440,1440,0.83546875
1441,1441,0.83546875
1442,1442,0.83546875
1443,1443,0.83546875
1444,1444,0.83546875
1445,1445,0.83546875
1446,1446,0.83546875
1447,1447,0.83546875
1448,1448,0.83546875
1449,1449,0.83546875
1450,1450,0.83546875
1451,1451,0.83546875
1452,1452,0.83546875
1453,1453,0.83546875
1454,1454,0.83546875
1455,1455,0.83546875
1456,1456,0.83546875
1457,1457,0.83546875
1458,1458,0.83546875
1459,1459,0.83546875
1460,1460,0.83546875
1461,1461,0.83546875
1462,1462,0.83546875
1463,1463,0.83546875
1464,1464,0.83546875
1465,1465,0.83546875
1466,1466,0.83546875
1467,1467,0.83546875
1468,1468,0.83546875
1469,1469,0.83546875
1470,1470,0.83546875
1471,1471,0.83546875
1472,1472,0.83546875
1473,1473,0.83546875
1474,1474,0.83546875
1475,1475,0.83546875
1476,1476,0.83546875
1477,1477,0.83546875
1478,1478,0.83546875
1479,1479,0.83546875
1480,1480,0.83546875
1481,1481,0.83546875
1482,1482,0.83546875
1483,1483,0.83546875
1484,1484,0.83546875
1485,1485,0.83546875
1486,1486,0.83546875
1487,1487,0.83546875
1488,1488,0.83546875
1489,1489,0.83546875
1490,1490,0.83546875
1491,1491,0.83546875
1492,1492,0.83546875
1493,1493,0.83546875
1494,1494,0.83546875
1495,1495,0.83546875
1496,1496,0.83546875
1497,1497,0.83546875
1498,1498,0.83546875
1499,1499,0.83546875
1500,1500,0.83546875
1501,1501,0.83546875
1502,1502,0.83546875
1503,1503,0.83546875
1504,1504,0.83546875
1505,1505,0.83546875
1506,1506,0.83546875
1507,1507,0.83546875
1508,1508,0.83546875
1509,1509,0.83546875
1510,1510,0.83546875
1511,1511,0.83546875
1512,1512,0.83546875
1513,1513,0.83546875
1514,1514,0.83546875
1515,1515,0.83546875
1516,1516,0.83546875
1517,1517,0.83546875
1518,1518,0.83546875
1519,1519,0.83546875
1520,1520,0.83546875
1521,1521,0.83546875
1522,1522,0.83546875
1523,1523,0.83546875
1524,1524,0.83546875
1525,1525,0.83546875
1526,1526,0.83546875
1527,1527,0.83546875
1528,1528,0.83546875
1529,1529,0.83546875
1530,1530,0.83546875
1531,1531,0.83546875
1532,1532,0.83546875
1533,1533,0.83546875
1534,1534,0.83546875
1535,1535,0.83546875
1536,1536,0.83546875
1537,1537,0.83546875
1538,1538,0.83546875
1539,1539,0.83546875
1540,1540,0.83546875
1541,1541,0.83546875
1542,1542,0.83546875
1543,1543,0.83546875
1544,1544,0.83546875
1545,1545,0.83546875
1546,1546,0.83546875
1547,1547,0.83546875
1548,1548,0.83546875
1549,1549,0.83546875
1550,1550,0.83546875
1551,1551,0.83546875
1552,1552,0.83546875
1553,1553,0.83546875
1554,1554,0.83546875
1555,1555,0.83546875
1556,1556,0.83546875
1557,1557,0.83546875
1558,1558,0.83546875
1559,1559,0.83546875
1560,1560,0.83546875
1561,1561,0.83546875
1562,1562,0.83546875
1563,1563,0.83546875
1564,1564,0.83546875
1565,1565,0.83546875
1566,1566,0.83546875
1567,1567,0.83546875
1568,1568,0.83546875
1569,1569,0.83546875
1570,1570,0.83546875
1571,1571,0.83546875
1572,1572,0.83546875
1573,1573,0.83546875
1574,1574,0.83546875
1575,1575,0.83546875
1576,1576,0.83546875
1577,1577,0.83546875
1578,1578,0.83546875
1579,1579,0.83546875
1580,1580,0.83546875
1581,1581,0.83546875
1582,1582,0.83546875
1583,1583,0.83546875
1584,1584,0.83546875
1585,1585,0.83546875
1586,1586,0.83546875
1587,1587,0.83546875
1588,1588,0.83546875
1589,1589,0.83546875
1590,1590,0.83546875
1591,1591,0.83546875
1592,1592,0.83546875
1593,1593,0.83546875
1594,1594,0.83546875
1595,1595,0.83546875
1596,1596,0.83546875
1597,1597,0.83546875
1598,1598,0.83546875
1599,1599,0.83546875
1600,1600,0.83546875
1601,1601,0.83546875
1602,1602,0.83546875
1603,1603,0.83546875
1604,1604,0.83546875
1605,1605,0.83546875
1606,1606,0.83546875
1607,1607,0.83546875
1608,1608,0.83546875
1609,1609,0.83546875
1610,1610,0.83546875
1611,1611,0.83546875
1612,1612,0.83546875
1613,1613,0.83546875
1614,1614,0.83546875
1615,1615,0.83546875
1616,1616,0.83546875
1617,1617,0.83546875
1618,1618,0.83546875
1619,1619,0.83546875
1620,1620,0.83546875
1621,1621,0.83546875
1622,1622,0.83546875
1623,1623,0.83546875
1624,1624,0.83546875
1625,1625,0.83546875
1626,1626,0.83546875
1627,1627,0.83546875
1628,1628,0.83546875
1629,1629,0.83546875
1630,1630,0.83546875
1631,1631,0.83546875
1632,1632,0.83546875
1633,1633,0.83546875
1634,1634,0.83546875
1635,1635,0.83546875
1636,1636,0.83546875
1637,1637,0.83546875
1638,1638,0.83546875
1639,1639,0.83546875
1640,1640,0.83546875
1641,1641,0.83546875
1642,1642,0.83546875
1643,1643,0.83546875
1644,1644,0.83546875
1645,1645,0.83546875
1646,1646,0.83546875
1647,1647,0.83546875
1648,1648,0.83546875
1649,1649,0.83546875
1650,1650,0.83546875
1651,1651,0.83546875
1652,1652,0.83546875
1653,1653,0.83546875
1654,1654,0.83546875
1655,1655,0.83546875
1656,1656,0.83546875
1657,1657,0.83546875
1658,1658,0.83546875
1659,1659,0.83546875
1660,1660,0.83546875
1661,1661,0.83546875
1662,1662,0.83546875
1663,1663,0.83546875
1664,1664,0.83546875
1665,1665,0.83546875
1666,1666,0.83546875
1667,1667,0.83546875
1668,1668,0.83546875
1669,1669,0.83546875
1670,1670,0.83546875
1671,1671,0.83546875
1672,1672,0.83546875
1673,1673,0.83546875
1674,1674,0.83546875
1675,1675,0.83546875
1676,1676,0.83546875
1677,1677,0.83546875
1678,1678,0.83546875
1679,1679,0.83546875
1680,1680,0.83546875
1681,1681,0.83546875
1682,1682,0.83546875
1683,1683,0.83546875
1684,1684,0.83546875
1685,1685,0.83546875
1686,1686,0.83546875
1687,1687,0.83546875
1688,1688,0.83546875
1689,1689,0.83546875
1690,1690,0.83546875
1691,1691,0.83546875
1692,1692,0.83546875
1693,1693,0.83546875
1694,1694,0.83546875
1695,1695,0.83546875
1696,1696,0.83546875
1697,1697,0.83546875
1698,1698,0.83546875
1699,1699,0.83546875
1700,1700,0.83546875
1701,1701,0.83546875
1702,1702,0.83546875
1703,1703,0.83546875
1704,1704,0.83546875
1705,1705,0.83546875
1706,1706,0.83546875
1707,1707,0.83546875
1708,1708,0.83546875
1709,1709,0.83546875
1710,1710,0.83546875
1711,1711,0.83546875
1712,1712,0.83546875
1713,1713,0.83546875
1714,1714,0.83546875
1715,1715,0.83546875
1716,1716,0.83546875
1717,1717,0.83546875
1718,1718,0.83546875
1719,1719,0.83546875
1720,1720,0.83546875
1721,1721,0.83546875
1722,1722,0.83546875
1723,1723,0.83546875
1724,1724,0.83546875
1725,1725,0.83546875
1726,1726,0.83546875
1727,1727,0.83546875
1728,1728,0.83546875
1729,1729,0.83546875
1730,1730,0.83546875
1731,1731,0.83546875
1732,1732,0.83546875
1733,1733,0.83546875
1734,1734,0.83546875
1735,1735,0.83546875
1736,1736,0.83546875
1737,1737,0.83546875
1738,1738,0.83546875
1739,1739,0.83546875
1740,1740,0.83546875
1741,1741,0.83546875
1742,1742,0.83546875
1743,1743,0.83546875
1744,1744,0.83546875
1745,1745,0.83546875
1746,1746,0.83546875
1747,1747,0.83546875
1748,1748,0.83546875
1749,1749,0.83546875
1750,1750,0.83546875
1751,1751,0.83546875
1752,1752,0.83546875
1753,1753,0.83546875
1754,1754,0.83546875
1755,1755,0.83546875
1756,1756,0.83546875
1757,1757,0.83546875
1758,1758,0.83546875
1759,1759,0.83546875
1760,1760,0.83546875
1761,1761,0.83546875
1762,1762,0.83546875
1763,1763,0.83546875
1764,1764,0.83546875
1765,1765,0.83546875
1766,1766,0.83546875
1767,1767,0.83546875
1768,1768,0.83546875
1769,1769,0.83546875
1770,1770,0.83546875
1771,1771,0.83546875
1772,1772,0.83546875
1773,1773,0.83546875
1774,1774,0.83546875
1775,1775,0.83546875
1776,1776,0.83546875
1777,1777,0.83546875
1778,1778,0.83546875
1779,1779,0.83546875
1780,1780,0.83546875
1781,1781,0.83546875
1782,1782,0.83546875
1783,1783,0.83546875
1784,1784,0.83546875
1785,1785,0.83546875
1786,1786,0.83546875
1787,1787,0.83546875
1788,1788,0.83546875
1789,1789,0.83546875
1790,1790,0.83546875
1791,1791,0.83546875
1792,1792,0.83546875
1793,1793,0.83546875
1794,1794,0.83546875
1795,1795,0.83546875
1796,1796,0.83546875
1797,1797,0.83546875
1798,1798,0.83546875
1799,1799,0.83546875
1800,1800,0.83546875
1801,1801,0.83546875
1802,1802,0.83546875
1803,1803,0.83546875
1804,1804,0.83546875
1805,1805,0.83546875
1806,1806,0.83546875
1807,1807,0.83546875
1808,1808,0.83546875
1809,1809,0.83546875
1810,1810,0.83546875
1811,1811,0.83546875
1812,1812,0.83546875
1813,1813,0.83546875
1814,1814,0.83546875
1815,1815,0.83546875
1816,1816,0.83546875
1817,1817,0.83546875
1818,1818,0.83546875
1819,1819,0.83546875
1820,1820,0.83546875
1821,1821,0.83546875
1822,1822,0.83546875
1823,1823,0.83546875
1824,1824,0.83546875
1825,1825,0.83546875
1826,1826,0.83546875
1827,1827,0.83546875
1828,1828,0.83546875
1829,1829,0.83546875
1830,1830,0.83546875
1831,1831,0.83546875
1832,1832,0.83546875
1833,1833,0.83546875
1834,1834,0.83546875
1835,1835,0.83546875
1836,1836,0.83546875
1837,1837,0.83546875
1838,1838,0.83546875
1839,1839,0.83546875
1840,1840,0.83546875
1841,1841,0.83546875
1842,1842,0.83546875
1843,1843,0.83546875
1844,1844,0.83546875
1845,1845,0.83546875
1846,1846,0.83546875
1847,1847,0.83546875
1848,1848,0.83546875
1849,1849,0.83546875
1850,1850,0.83546875
1851,1851,0.83546875
1852,1852,0.83546875
1853,1853,0.83546875
1854,1854,0.83546875
1855,1855,0.83546875
1856,1856,0.83546875
1857,1857,0.83546875
1858,1858,0.83546875
1859,1859,0.83546875
1860,1860,0.83546875
1861,1861,0.83546875
1862,1862,0.83546875
1863,1863,0.83546875
1864,1864,0.83546875
1865,1865,0.83546875
1866,1866,0.83546875
1867,1867,0.83546875
1868,1868,0.83546875
1869,1869,0.83546875
1870,1870,0.83546875
1871,1871,0.83546875
1872,1872,0.83546875
1873,1873,0.83546875
1874,1874,0.83546875
1875,1875,0.83546875
1876,1876,0.83546875
1877,1877,0.83546875
1878,1878,0.83546875
1879,1879,0.83546875
1880,1880,0.83546875
1881,1881,0.83546875
1882,1882,0.83546875
1883,1883,0.83546875
1884,1884,0.83546875
1885,1885,0.83546875
1886,1886,0.83546875
1887,1887,0.83546875
1888,1888,0.83546875
1889,1889,0.83546875
1890,1890,0.83546875
1891,1891,0.83546875
1892,1892,0.83546875
1893,1893,0.83546875
1894,1894,0.83546875
1895,1895,0.83546875
1896,1896,0.83546875
1897,1897,0.83546875
1898,1898,0.83546875
1899,1899,0.83546875
1900,1900,0.83546875
1901,1901,0.83546875
1902,1902,0.83546875
1903,1903,0.83546875
1904,1904,0.83546875
1905,1905,0.83546875
1906,1906,0.83546875
1907,1907,0.83546875
1908,1908,0.83546875
1909,1909,0.83546875
1910,1910,0.83546875
1911,1911,0.83546875
1912,1912,0.83546875
1913,1913,0.83546875
1914,1914,0.83546875
1915,1915,0.83546875
1916,1916,0.83546875
1917,1917,0.83546875
1918,1918,0.83546875
1919,1919,0.83546875
1920,1920,0.83546875
1921,1921,0.83546875
1922,1922,0.83546875
1923,1923,0.83546875
1924,1924,0.83546875
1925,1925,0.83546875
1926,1926,0.83546875
1927,1927,0.83546875
1928,1928,0.83546875
1929,1929,0.83546875
1930,1930,0.83546875
1931,1931,0.83546875
1932,1932,0.83546875
1933,1933,0.83546875
1934,1934,0.83546875
1935,1935,0.83546875
1936,1936,0.83546875
1937,1937,0.83546875
1938,1938,0.83546875
1939,1939,0.83546875
1940,1940,0.83546875
1941,1941,0.83546875
1942,1942,0.83546875
1943,1943,0.83546875
1944,1944,0.83546875
1945,1945,0.83546875
1946,1946,0.83546875
1947,1947,0.83546875
1948,1948,0.83546875
1949,1949,0.83546875
1950,1950,0.83546875
1951,1951,0.83546875
1952,1952,0.83546875
1953,1953,0.83546875
1954,1954,0.83546875
1955,1955,0.83546875
1956,1956,0.83546875
1957,1957,0.83546875
1958,1958,0.83546875
1959,1959,0.83546875
1960,1960,0.83546875
1961,1961,0.83546875
1962,1962,0.83546875
1963,1963,0.83546875
1964,1964,0.83546875
1965,1965,0.83546875
1966,1966,0.83546875
1967,1967,0.83546875
1968,1968,0.83546875
1969,1969,0.83546875
1970,1970,0.83546875
1971,1971,0.83546875
1972,1972,0.83546875
1973,1973,0.83546875
1974,1974,0.83546875
1975,1975,0.83546875
1976,1976,0.83546875
1977,1977,0.83546875
1978,1978,0.83546875
1979,1979,0.83546875
1980,1980,0.83546875
1981,1981,0.83546875
1982,1982,0.83546875
1983,1983,0.83546875
1984,1984,0.83546875
1985,1985,0.83546875
1986,1986,0.83546875
1987,1987,0.83546875
1988,1988,0.83546875
1989,1989,0.83546875
1990,1990,0.83546875
1991,1991,0.83546875
1992,1992,0.83546875
1993,1993,0.83546875
1994,1994,0.83546875
1995,1995,0.83546875
1996,1996,0.83546875
1997,1997,0.83546875
1998,1998,0.83546875
1999,1999,0.83546875
2000,2000,0.83546875
2001,2001,0.83546875
2002,2002,0.83546875
2003,2003,0.83546875
2004,2004,0.83546875
2005,2005,0.83546875
2006,2006,0.83546875
2007,2007,0.83546875
2008,2008,0.83546875
2009,2009,0.83546875
2010,2010,0.83546875
2011,2011,0.83546875
2012,2012,0.83546875
2013,2013,0.83546875
2014,2014,0.83546875
2015,2015,0.83546875
2016,2016,0.83546875
2017,2017,0.83546875
2018,2018,0.83546875
2019,2019,0.83546875
2020,2020,0.83546875
2021,2021,0.83546875
2022,2022,0.83546875
2023,2023,0.83546875
2024,2024,0.83546875
2025,2025,0.83546875
2026,2026,0.83546875
2027,2027,0.83546875
2028,2028,0.83546875
2029,2029,0.83546875
2030,2030,0.83546875
2031,2031,0.83546875
2032,2032,0.83546875
2033,2033,0.83546875
2034,2034,0.83546875
2035,2035,0.83546875
2036,2036,0.83546875
2037,2037,0.83546875
2038,2038,0.83546875
2039,2039,0.83546875
2040,2040,0.83546875
2041,2041,0.83546875
2042,2042,0.83546875
2043,2043,0.83546875
2044,2044,0.83546875
2045,2045,0.83546875
2046,2046,0.83546875
2047,2047,0.83546875
2048,2048,0.83546875
2049,2049,0.83546875
2050,2050,0.83546875
2051,2051,0.83546875
2052,2052,0.83546875
2053,2053,0.83546875
2054,2054,0.83546875
2055,2055,0.83546875
2056,2056,0.83546875
2057,2057,0.83546875
2058,2058,0.83546875
2059,2059,0.83546875
2060,2060,0.83546875
2061,2061,0.83546875
2062,2062,0.83546875
2063,2063,0.83546875
2064,2064,0.83546875
2065,2065,0.83546875
2066,2066,0.83546875
2067,2067,0.83546875
2068,2068,0.83546875
2069,2069,0.83546875
2070,2070,0.83546875
2071,2071,0.83546875
2072,2072,0.83546875
2073,2073,0.83546875
2074,2074,0.83546875
2075,2075,0.83546875
2076,2076,0.83546875
2077,2077,0.83546875
2078,2078,0.83546875
2079,2079,0.83546875
2080,2080,0.83546875
2081,2081,0.83546875
2082,2082,0.83546875
2083,2083,0.83546875
2084,2084,0.83546875
2085,2085,0.83546875
2086,2086,0.83546875
2087,2087,0.83546875
2088,2088,0.83546875
2089,2089,0.83546875
2090,2090,0.83546875
2091,2091,0.83546875
2092,2092,0.83546875
2093,2093,0.83546875
2094,2094,0.83546875
2095,2095,0.83546875
2096,2096,0.83546875
2097,2097,0.83546875
2098,2098,0.83546875
2099,2099,0.83546875
2100,2100,0.83546875
2101,2101,0.83546875
2102,2102,0.83546875
2103,2103,0.83546875
2104,2104,0.83546875
2105,2105,0.83546875
2106,2106,0.83546875
2107,2107,0.83546875
2108,2108,0.83546875
2109,2109,0.83546875
2110,2110,0.83546875
2111,2111,0.83546875
2112,2112,0.83546875
2113,2113,0.83546875
2114,2114,0.83546875
2115,2115,0.83546875
2116,2116,0.83546875
2117,2117,0.83546875
2118,2118,0.83546875
2119,2119,0.83546875
2120,2120,0.83546875
2121,2121,0.83546875
2122,2122,0.83546875
2123,2123,0.83546875
2124,2124,0.83546875
2125,2125,0.83546875
2126,2126,0.83546875
2127,2127,0.83546875
2128,2128,0.83546875
2129,2129,0.83546875
2130,2130,0.83546875
2131,2131,0.83546875
2132,2132,0.83546875
2133,2133,0.83546875
2134,2134,0.83546875
2135,2135,0.83546875
2136,2136,0.83546875
2137,2137,0.83546875
2138,2138,0.83546875
2139,2139,0.83546875
2140,2140,0.83546875
2141,2141,0.83546875
2142,2142,0.83546875
2143,2143,0.83546875
2144,2144,0.83546875
2145,2145,0.83546875
2146,2146,0.83546875
2147,2147,0.83546875
2148,2148,0.83546875
2149,2149,0.83546875
2150,2150,0.83546875
2151,2151,0.83546875
2152,2152,0.83546875
2153,2153,0.83546875
2154,2154,0.83546875
2155,2155,0.83546875
2156,2156,0.83546875
2157,2157,0.83546875
2158,2158,0.83546875
2159,2159,0.83546875
2160,2160,0.83546875
2161,2161,0.83546875
2162,2162,0.83546875
2163,2163,0.83546875
2164,2164,0.83546875
2165,2165,0.83546875
2166,2166,0.83546875
2167,2167,0.83546875
2168,2168,0.83546875
2169,2169,0.83546875
2170,2170,0.83546875
2171,2171,0.83546875
2172,2172,0.83546875
2173,2173,0.83546875
2174,2174,0.83546875
2175,2175,0.83546875
2176,2176,0.83546875
2177,2177,0.83546875
2178,2178,0.83546875
2179,2179,0.83546875
2180,2180,0.83546875
2181,2181,0.83546875
2182,2182,0.83546875
2183,2183,0.83546875
2184,2184,0.83546875
2185,2185,0.83546875
2186,2186,0.83546875
2187,2187,0.83546875
2188,2188,0.83546875
2189,2189,0.83546875
2190,2190,0.83546875
2191,2191,0.83546875
2192,2192,0.83546875
2193,2193,0.83546875
2194,2194,0.83546875
2195,2195,0.83546875
2196,2196,0.83546875
2197,2197,0.83546875
2198,2198,0.83546875
2199,2199,0.83546875
2200,2200,0.83546875
2201,2201,0.83546875
2202,2202,0.83546875
2203,2203,0.83546875
2204,2204,0.83546875
2205,2205,0.83546875
2206,2206,0.83546875
2207,2207,0.83546875
2208,2208,0.83546875
2209,2209,0.83546875
2210,2210,0.83546875
2211,2211,0.83546875
2212,2212,0.83546875
2213,2213,0.83546875
2214,2214,0.83546875
2215,2215,0.83546875
2216,2216,0.83546875
2217,2217,0.83546875
2218,2218,0.83546875
2219,2219,0.83546875
2220,2220,0.83546875
2221,2221,0.83546875
2222,2222,0.83546875
2223,2223,0.83546875
2224,2224,0.83546875
2225,2225,0.83546875
2226,2226,0.83546875
2227,2227,0.83546875
2228,2228,0.83546875
2229,2229,0.83546875
2230,2230,0.83546875
2231,2231,0.83546875
2232,2232,0.83546875
2233,2233,0.83546875
2234,2234,0.83546875
2235,2235,0.83546875
2236,2236,0.83546875
2237,2237,0.83546875
2238,2238,0.83546875
2239,2239,0.83546875
2240,2240,0.83546875
2241,2241,0.83546875
2242,2242,0.83546875
2243,2243,0.83546875
2244,2244,0.83546875
2245,2245,0.83546875
2246,2246,0.83546875
2247,2247,0.83546875
2248,2248,0.83546875
2249,2249,0.83546875
2250,2250,0.83546875
2251,2251,0.83546875
2252,2252,0.83546875
2253,2253,0.83546875
2254,2254,0.83546875
2255,2255,0.83546875
2256,2256,0.83546875
2257,2257,0.83546875
2258,2258,0.83546875
2259,2259,0.83546875
2260,2260,0.83546875
2261,2261,0.83546875
2262,2262,0.83546875
2263,2263,0.83546875
2264,2264,0.83546875
2265,2265,0.83546875
2266,2266,0.83546875
2267,2267,0.83546875
2268,2268,0.83546875
2269,2269,0.83546875
2270,2270,0.83546875
2271,2271,0.83546875
2272,2272,0.83546875
2273,2273,0.83546875
2274,2274,0.83546875
2275,2275,0.83546875
2276,2276,0.83546875
2277,2277,0.83546875
2278,2278,0.83546875
2279,2279,0.83546875
2280,2280,0.83546875
2281,2281,0.83546875
2282,2282,0.83546875
2283,2283,0.83546875
2284,2284,0.83546875
2285,2285,0.83546875
2286,2286,0.83546875
2287,2287,0.83546875
2288,2288,0.83546875
2289,2289,0.83546875
2290,2290,0.83546875
2291,2291,0.83546875
2292,2292,0.83546875
2293,2293,0.83546875
2294,2294,0.83546875
2295,2295,0.83546875
2296,2296,0.83546875
2297,2297,0.83546875
2298,2298,0.83546875
2299,2299,0.83546875
2300,2300,0.83546875
2301,2301,0.83546875
2302,2302,0.83546875
2303,2303,0.83546875
2304,2304,0.83546875
2305,2305,0.83546875
2306,2306,0.83546875
2307,2307,0.83546875
2308,2308,0.83546875
2309,2309,0.83546875
2310,2310,0.83546875
2311,2311,0.83546875
2312,2312,0.83546875
2313,2313,0.83546875
2314,2314,0.83546875
2315,2315,0.83546875
2316,2316,0.83546875
2317,2317,0.83546875
2318,2318,0.83546875
2319,2319,0.83546875
2320,2320,0.83546875
2321,2321,0.83546875
2322,2322,0.83546875
2323,2323,0.83546875
2324,2324,0.83546875
2325,2325,0.83546875
2326,2326,0.83546875
2327,2327,0.83546875
2328,2328,0.83546875
2329,2329,0.83546875
2330,2330,0.83546875
2331,2331,0.83546875
2332,2332,0.83546875
2333,2333,0.83546875
2334,2334,0.83546875
2335,2335,0.83546875
2336,2336,0.83546875
2337,2337,0.83546875
2338,2338,0.83546875
2339,2339,0.83546875
2340,2340,0.83546875
2341,2341,0.83546875
2342,2342,0.83546875
2343,2343,0.83546875
2344,2344,0.83546875
2345,2345,0.83546875
2346,2346,0.83546875
2347,2347,0.83546875
2348,2348,0.83546875
2349,2349,0.83546875
2350,2350,0.83546875
2351,2351,0.83546875
2352,2352,0.83546875
2353,2353,0.83546875
2354,2354,0.83546875
2355,2355,0.83546875
2356,2356,0.83546875
2357,2357,0.83546875
2358,2358,0.83546875
2359,2359,0.83546875
2360,2360,0.83546875
2361,2361,0.83546875
2362,2362,0.83546875
2363,2363,0.83546875
2364,2364,0.83546875
2365,2365,0.83546875
2366,2366,0.83546875
2367,2367,0.83546875
2368,2368,0.83546875
2369,2369,0.83546875
2370,2370,0.83546875
2371,2371,0.83546875
2372,2372,0.83546875
2373,2373,0.83546875
2374,2374,0.83546875
2375,2375,0.83546875
2376,2376,0.83546875
2377,2377,0.83546875
2378,2378,0.83546875
2379,2379,0.83546875
2380,2380,0.83546875
2381,2381,0.83546875
2382,2382,0.83546875
2383,2383,0.83546875
2384,2384,0.83546875
2385,2385,0.83546875
2386,2386,0.83546875
2387,2387,0.83546875
2388,2388,0.83546875
2389,2389,0.83546875
2390,2390,0.83546875
2391,2391,0.83546875
2392,2392,0.83546875
2393,2393,0.83546875
2394,2394,0.83546875
2395,2395,0.83546875
2396,2396,0.83546875
2397,2397,0.83546875
2398,2398,0.83546875
2399,2399,0.83546875
2400,2400,0.83546875
2401,2401,0.83546875
2402,2402,0.83546875
2403,2403,0.83546875
2404,2404,0.83546875
2405,2405,0.83546875
2406,2406,0.83546875
2407,2407,0.83546875
2408,2408,0.83546875
2409,2409,0.83546875
2410,2410,0.83546875
2411,2411,0.83546875
2412,2412,0.83546875
2413,2413,0.83546875
2414,2414,0.83546875
2415,2415,0.83546875
2416,2416,0.83546875
2417,2417,0.83546875
2418,2418,0.83546875
2419,2419,0.83546875
2420,2420,0.83546875
2421,2421,0.83546875
2422,2422,0.83546875
2423,2423,0.83546875
2424,2424,0.83546875
2425,2425,0.83546875
2426,2426,0.83546875
2427,2427,0.83546875
2428,2428,0.83546875
2429,2429,0.83546875
2430,2430,0.83546875
2431,2431,0.83546875
2432,2432,0.83546875
2433,2433,0.83546875
2434,2434,0.83546875
2435,2435,0.83546875
2436,2436,0.83546875
2437,2437,0.83546875
2438,2438,0.83546875
2439,2439,0.83546875
2440,2440,0.83546875
2441,2441,0.83546875
2442,2442,0.83546875
2443,2443,0.83546875
2444,2444,0.83546875
2445,2445,0.83546875
2446,2446,0.83546875
2447,2447,0.83546875
2448,2448,0.83546875
2449,2449,0.83546875
2450,2450,0.83546875
2451,2451,0.83546875
2452,2452,0.83546875
2453,2453,0.83546875
2454,2454,0.83546875
2455,2455,0.83546875
2456,2456,0.83546875
2457,2457,0.83546875
2458,2458,0.83546875
2459,2459,0.83546875
2460,2460,0.83546875
2461,2461,0.83546875
2462,2462,0.83546875
2463,2463,0.83546875
2464,2464,0.83546875
2465,2465,0.83546875
2466,2466,0.83546875
2467,2467,0.83546875
2468,2468,0.83546875
2469,2469,0.83546875
2470,2470,0.83546875
2471,2471,0.83546875
2472,2472,0.83546875
2473,2473,0.83546875
2474,2474,0.83546875
2475,2475,0.83546875
2476,2476,0.83546875
2477,2477,0.83546875
2478,2478,0.83546875
2479,2479,0.83546875
2480,2480,0.83546875
2481,2481,0.83546875
2482,2482,0.83546875
2483,2483,0.83546875
2484,2484,0.83546875
2485,2485,0.83546875
2486,2486,0.83546875
2487,2487,0.83546875
2488,2488,0.83546875
2489,2489,0.83546875
2490,2490,0.83546875
2491,2491,0.83546875
2492,2492,0.83546875
2493,2493,0.83546875
2494,2494,0.83546875
2495,2495,0.83546875
2496,2496,0.83546875
2497,2497,0.83546875
2498,2498,0.83546875
2499,2499,0.83546875
2500,2500,0.83546875
2501,2501,0.83546875
2502,2502,0.83546875
2503,2503,0.83546875
2504,2504,0.83546875
2505,2505,0.83546875
2506,2506,0.83546875
2507,2507,0.83546875
2508,2508,0.83546875
2509,2509,0.83546875
2510,2510,0.83546875
2511,2511,0.83546875
2512,2512,0.83546875
2513,2513,0.83546875
2514,2514,0.83546875
2515,2515,0.83546875
2516,2516,0.83546875
2517,2517,0.83546875
2518,2518,0.83546875
2519,2519,0.83546875
2520,2520,0.83546875
2521,2521,0.83546875
2522,2522,0.83546875
2523,2523,0.83546875
2524,2524,0.83546875
2525,2525,0.83546875
2526,2526,0.83546875
2527,2527,0.83546875
2528,2528,0.83546875
2529,2529,0.83546875
2530,2530,0.83546875
2531,2531,0.83546875
2532,2532,0.83546875
2533,2533,0.83546875
2534,2534,0.83546875
2535,2535,0.83546875
2536,2536,0.83546875
2537,2537,0.83546875
2538,2538,0.83546875
2539,2539,0.83546875
2540,2540,0.83546875
2541,2541,0.83546875
2542,2542,0.83546875
2543,2543,0.83546875
2544,2544,0.83546875
2545,2545,0.83546875
2546,2546,0.83546875
2547,2547,0.83546875
2548,2548,0.83546875
2549,2549,0.83546875
2550,2550,0.83546875
2551,2551,0.83546875
2552,2552,0.83546875
2553,2553,0.83546875
2554,2554,0.83546875
2555,2555,0.83546875
2556,2556,0.83546875
2557,2557,0.83546875
2558,2558,0.83546875
2559,2559,0.83546875
2560,2560,0.83546875
2561,2561,0.83546875
2562,2562,0.83546875
2563,2563,0.83546875
2564,2564,0.83546875
2565,2565,0.83546875
2566,2566,0.83546875
2567,2567,0.83546875
2568,2568,0.83546875
2569,2569,0.83546875
2570,2570,0.83546875
2571,2571,0.83546875
2572,2572,0.83546875
2573,2573,0.83546875
2574,2574,0.83546875
2575,2575,0.83546875
2576,2576,0.83546875
2577,2577,0.83546875
2578,2578,0.83546875
2579,2579,0.83546875
2580,2580,0.83546875
2581,2581,0.83546875
2582,2582,0.83546875
2583,2583,0.83546875
2584,2584,0.83546875
2585,2585,0.83546875
2586,2586,0.83546875
2587,2587,0.83546875
2588,2588,0.83546875
2589,2589,0.83546875
2590,2590,0.83546875
2591,2591,0.83546875
2592,2592,0.83546875
2593,2593,0.83546875
2594,2594,0.83546875
2595,2595,0.83546875
2596,2596,0.83546875
2597,2597,0.83546875
2598,2598,0.83546875
2599,2599,0.83546875
2600,2600,0.83546875
2601,2601,0.83546875
2602,2602,0.83546875
2603,2603,0.83546875
2604,2604,0.83546875
2605,2605,0.83546875
2606,2606,0.83546875
2607,2607,0.83546875
2608,2608,0.83546875
2609,2609,0.83546875
2610,2610,0.83546875
2611,2611,0.83546875
2612,2612,0.83546875
2613,2613,0.83546875
2614,2614,0.83546875
2615,2615,0.83546875
2616,2616,0.83546875
2617,2617,0.83546875
2618,2618,0.83546875
2619,2619,0.83546875
2620,2620,0.83546875
2621,2621,0.83546875
2622,2622,0.83546875
2623,2623,0.83546875
2624,2624,0.83546875
2625,2625,0.83546875
2626,2626,0.83546875
2627,2627,0.83546875
2628,2628,0.83546875
2629,2629,0.83546875
2630,2630,0.83546875
2631,2631,0.83546875
2632,2632,0.83546875
2633,2633,0.83546875
2634,2634,0.83546875
2635,2635,0.83546875
2636,2636,0.83546875
2637,2637,0.83546875
2638,2638,0.83546875
2639,2639,0.83546875
2640,2640,0.83546875
2641,2641,0.83546875
2642,2642,0.83546875
2643,2643,0.83546875
2644,2644,0.83546875
2645,2645,0.83546875
2646,2646,0.83546875
2647,2647,0.83546875
2648,2648,0.83546875
2649,2649,0.83546875
2650,2650,0.83546875
2651,2651,0.83546875
2652,2652,0.83546875
2653,2653,0.83546875
2654,2654,0.83546875
2655,2655,0.83546875
2656,2656,0.83546875
2657,2657,0.83546875
2658,2658,0.83546875
2659,2659,0.83546875
2660,2660,0.83546875
2661,2661,0.83546875
2662,2662,0.83546875
2663,2663,0.83546875
2664,2664,0.83546875
2665,2665,0.83546875
2666,2666,0.83546875
2667,2667,0.83546875
2668,2668,0.83546875
2669,2669,0.83546875
2670,2670,0.83546875
2671,2671,0.83546875
2672,2672,0.83546875
2673,2673,0.83546875
2674,2674,0.83546875
2675,2675,0.83546875
2676,2676,0.83546875
2677,2677,0.83546875
2678,2678,0.83546875
2679,2679,0.83546875
2680,2680,0.83546875
2681,2681,0.83546875
2682,2682,0.83546875
2683,2683,0.83546875
2684,2684,0.83546875
2685,2685,0.83546875
2686,2686,0.83546875
2687,2687,0.83546875
2688,2688,0.83546875
2689,2689,0.83546875
2690,2690,0.83546875
2691,2691,0.83546875
2692,2692,0.83546875
2693,2693,0.83546875
2694,2694,0.83546875
2695,2695,0.83546875
2696,2696,0.83546875
2697,2697,0.83546875
2698,2698,0.83546875
2699,2699,0.83546875
2700,2700,0.83546875
2701,2701,0.83546875
2702,2702,0.83546875
2703,2703,0.83546875
2704,2704,0.83546875
2705,2705,0.83546875
2706,2706,0.83546875
2707,2707,0.83546875
2708,2708,0.83546875
2709,2709,0.83546875
2710,2710,0.83546875
2711,2711,0.83546875
2712,2712,0.83546875
2713,2713,0.83546875
2714,2714,0.83546875
2715,2715,0.83546875
2716,2716,0.83546875
2717,2717,0.83546875
2718,2718,0.83546875
2719,2719,0.83546875
2720,2720,0.83546875
2721,2721,0.83546875
2722,2722,0.83546875
2723,2723,0.83546875
2724,2724,0.83546875
2725,2725,0.83546875
2726,2726,0.83546875
2727,2727,0.83546875
2728,2728,0.83546875
2729,2729,0.83546875
2730,2730,0.83546875
2731,2731,0.83546875
2732,2732,0.83546875
2733,2733,0.83546875
2734,2734,0.83546875
2735,2735,0.83546875
2736,2736,0.83546875
2737,2737,0.83546875
2738,2738,0.83546875
2739,2739,0.83546875
2740,2740,0.83546875
2741,2741,0.83546875
2742,2742,0.83546875
2743,2743,0.83546875
2744,2744,0.83546875
2745,2745,0.83546875
2746,2746,0.83546875
2747,2747,0.83546875
2748,2748,0.83546875
2749,2749,0.83546875
2750,2750,0.83546875
2751,2751,0.83546875
2752,2752,0.83546875
2753,2753,0.83546875
2754,2754,0.83546875
2755,2755,0.83546875
2756,2756,0.83546875
2757,2757,0.83546875
2758,2758,0.83546875
2759,2759,0.83546875
2760,2760,0.83546875
2761,2761,0.83546875
2762,2762,0.83546875
2763,2763,0.83546875
2764,2764,0.83546875
2765,2765,0.83546875
2766,2766,0.83546875
2767,2767,0.83546875
2768,2768,0.83546875
2769,2769,0.83546875
2770,2770,0.83546875
2771,2771,0.83546875
2772,2772,0.83546875
2773,2773,0.83546875
2774,2774,0.83546875
2775,2775,0.83546875
2776,2776,0.83546875
2777,2777,0.83546875
2778,2778,0.83546875
2779,2779,0.83546875
2780,2780,0.83546875
2781,2781,0.83546875
2782,2782,0.83546875
2783,2783,0.83546875
2784,2784,0.83546875
2785,2785,0.83546875
2786,2786,0.83546875
2787,2787,0.83546875
2788,2788,0.83546875
2789,2789,0.83546875
2790,2790,0.83546875
2791,2791,0.83546875
2792,2792,0.83546875
2793,2793,0.83546875
2794,2794,0.83546875
2795,2795,0.83546875
2796,2796,0.83546875
2797,2797,0.83546875
2798,2798,0.83546875
2799,2799,0.83546875
2800,2800,0.83546875
2801,2801,0.83546875
2802,2802,0.83546875
2803,2803,0.83546875
2804,2804,0.83546875
2805,2805,0.83546875
2806,2806,0.83546875
2807,2807,0.83546875
2808,2808,0.83546875
2809,2809,0.83546875
2810,2810,0.83546875
2811,2811,0.83546875
2812,2812,0.83546875
2813,2813,0.83546875
2814,2814,0.83546875
2815,2815,0.83546875
2816,2816,0.83546875
2817,2817,0.83546875
2818,2818,0.83546875
2819,2819,0.83546875
2820,2820,0.83546875
2821,2821,0.83546875
2822,2822,0.83546875
2823,2823,0.83546875
2824,2824,0.83546875
2825,2825,0.83546875
2826,2826,0.83546875
2827,2827,0.83546875
2828,2828,0.83546875
2829,2829,0.83546875
2830,2830,0.83546875
2831,2831,0.83546875
2832,2832,0.83546875
2833,2833,0.83546875
2834,2834,0.83546875
2835,2835,0.83546875
2836,2836,0.83546875
2837,2837,0.83546875
2838,2838,0.83546875
2839,2839,0.83546875
2840,2840,0.83546875
2841,2841,0.83546875
2842,2842,0.83546875
2843,2843,0.83546875
2844,2844,0.83546875
2845,2845,0.83546875
2846,2846,0.83546875
2847,2847,0.83546875
2848,2848,0.83546875
2849,2849,0.83546875
2850,2850,0.83546875
2851,2851,0.83546875
2852,2852,0.83546875
2853,2853,0.83546875
2854,2854,0.83546875
2855,2855,0.83546875
2856,2856,0.83546875
2857,2857,0.83546875
2858,2858,0.83546875
2859,2859,0.83546875
2860,2860,0.83546875
2861,2861,0.83546875
2862,2862,0.83546875
2863,2863,0.83546875
2864,2864,0.83546875
2865,2865,0.83546875
2866,2866,0.83546875
2867,2867,0.83546875
2868,2868,0.83546875
2869,2869,0.83546875
2870,2870,0.83546875
2871,2871,0.83546875
2872,2872,0.83546875
2873,2873,0.83546875
2874,2874,0.83546875
2875,2875,0.83546875
2876,2876,0.83546875
2877,2877,0.83546875
2878,2878,0.83546875
2879,2879,0.83546875
2880,2880,0.83546875
2881,2881,0.83546875
2882,2882,0.83546875
2883,2883,0.83546875
2884,2884,0.83546875
2885,2885,0.83546875
2886,2886,0.83546875
2887,2887,0.83546875
2888,2888,0.83546875
2889,2889,0.83546875
2890,2890,0.83546875
2891,2891,0.83546875
2892,2892,0.83546875
2893,2893,0.83546875
2894,2894,0.83546875
2895,2895,0.83546875
2896,2896,0.83546875
2897,2897,0.83546875
2898,2898,0.83546875
2899,2899,0.83546875
2900,2900,0.83546875
2901,2901,0.83546875
2902,2902,0.83546875
2903,2903,0.83546875
2904,2904,0.83546875
2905,2905,0.83546875
2906,2906,0.83546875
2907,2907,0.83546875
2908,2908,0.83546875
2909,2909,0.83546875
2910,2910,0.83546875
2911,2911,0.83546875
2912,2912,0.83546875
2913,2913,0.83546875
2914,2914,0.83546875
2915,2915,0.83546875
2916,2916,0.83546875
2917,2917,0.83546875
2918,2918,0.83546875
2919,2919,0.83546875
2920,2920,0.83546875
2921,2921,0.83546875
2922,2922,0.83546875
2923,2923,0.83546875
2924,2924,0.83546875
2925,2925,0.83546875
2926,2926,0.83546875
2927,2927,0.83546875
2928,2928,0.83546875
2929,2929,0.83546875
2930,2930,0.83546875
2931,2931,0.83546875
2932,2932,0.83546875
2933,2933,0.83546875
2934,2934,0.83546875
2935,2935,0.83546875
2936,2936,0.83546875
2937,2937,0.83546875
2938,2938,0.83546875
2939,2939,0.83546875
2940,2940,0.83546875
2941,2941,0.83546875
2942,2942,0.83546875
2943,2943,0.83546875
2944,2944,0.83546875
2945,2945,0.83546875
2946,2946,0.83546875
2947,2947,0.83546875
2948,2948,0.83546875
2949,2949,0.83546875
2950,2950,0.83546875
2951,2951,0.83546875
2952,2952,0.83546875
2953,2953,0.83546875
2954,2954,0.83546875
2955,2955,0.83546875
2956,2956,0.83546875
2957,2957,0.83546875
2958,2958,0.83546875
2959,2959,0.83546875
2960,2960,0.83546875
2961,2961,0.83546875
2962,2962,0.83546875
2963,2963,0.83546875
2964,2964,0.83546875
2965,2965,0.83546875
2966,2966,0.83546875
2967,2967,0.83546875
2968,2968,0.83546875
2969,2969,0.83546875
2970,2970,0.83546875
2971,2971,0.83546875
2972,2972,0.83546875
2973,2973,0.83546875
2974,2974,0.83546875
2975,2975,0.83546875
2976,2976,0.83546875
2977,2977,0.83546875
2978,2978,0.83546875
2979,2979,0.83546875
2980,2980,0.83546875
2981,2981,0.83546875
2982,2982,0.83546875
2983,2983,0.83546875
2984,2984,0.83546875
2985,2985,0.83546875
2986,2986,0.83546875
2987,2987,0.83546875
2988,2988,0.83546875
2989,2989,0.83546875
2990,2990,0.83546875
2991,2991,0.83546875
2992,2992,0.83546875
2993,2993,0.83546875
2994,2994,0.83546875
2995,2995,0.83546875
2996,2996,0.83546875
2997,2997,0.83546875
2998,2998,0.83546875
2999,2999,0.83546875
3000,3000,0.83546875
3001,3001,0.83546875
3002,3002,0.83546875
3003,3003,0.83546875
3004,3004,0.83546875
3005,3005,0.83546875
3006,3006,0.83546875
3007,3007,0.83546875
3008,3008,0.83546875
3009,3009,0.83546875
3010,3010,0.83546875
3011,3011,0.83546875
3012,3012,0.83546875
3013,3013,0.83546875
3014,3014,0.83546875
3015,3015,0.83546875
3016,3016,0.83546875
3017,3017,0.83546875
3018,3018,0.83546875
3019,3019,0.83546875
3020,3020,0.83546875
3021,3021,0.83546875
3022,3022,0.83546875
3023,3023,0.83546875
3024,3024,0.83546875
3025,3025,0.83546875
3026,3026,0.83546875
3027,3027,0.83546875
3028,3028,0.83546875
3029,3029,0.83546875
3030,3030,0.83546875
3031,3031,0.83546875
3032,3032,0.83546875
3033,3033,0.83546875
3034,3034,0.83546875
3035,3035,0.83546875
3036,3036,0.83546875
3037,3037,0.83546875
3038,3038,0.83546875
3039,3039,0.83546875
3040,3040,0.83546875
3041,3041,0.83546875
3042,3042,0.83546875
3043,3043,0.83546875
3044,3044,0.83546875
3045,3045,0.83546875
3046,3046,0.83546875
3047,3047,0.83546875
3048,3048,0.83546875
3049,3049,0.83546875
3050,3050,0.83546875
3051,3051,0.83546875
3052,3052,0.83546875
3053,3053,0.83546875
3054,3054,0.83546875
3055,3055,0.83546875
3056,3056,0.83546875
3057,3057,0.83546875
3058,3058,0.83546875
3059,3059,0.83546875
3060,3060,0.83546875
3061,3061,0.83546875
3062,3062,0.83546875
3063,3063,0.83546875
3064,3064,0.83546875
3065,3065,0.83546875
3066,3066,0.83546875
3067,3067,0.83546875
3068,3068,0.83546875
3069,3069,0.83546875
3070,3070,0.83546875
3071,3071,0.83546875
3072,3072,0.83546875
3073,3073,0.83546875
3074,3074,0.83546875
3075,3075,0.83546875
3076,3076,0.83546875
3077,3077,0.83546875
3078,3078,0.83546875
3079,3079,0.83546875
3080,3080,0.83546875
3081,3081,0.83546875
3082,3082,0.83546875
3083,3083,0.83546875
3084,3084,0.83546875
3085,3085,0.83546875
3086,3086,0.83546875
3087,3087,0.83546875
3088,3088,0.83546875
3089,3089,0.83546875
3090,3090,0.83546875
3091,3091,0.83546875
3092,3092,0.83546875
3093,3093,0.83546875
3094,3094,0.83546875
3095,3095,0.83546875
3096,3096,0.83546875
3097,3097,0.83546875
3098,3098,0.83546875
3099,3099,0.83546875
3100,3100,0.83546875
3101,3101,0.83546875
3102,3102,0.83546875
3103,3103,0.83546875
3104,3104,0.83546875
3105,3105,0.83546875
3106,3106,0.83546875
3107,3107,0.83546875
3108,3108,0.83546875
3109,3109,0.83546875
3110,3110,0.83546875
3111,3111,0.83546875
3112,3112,0.83546875
3113,3113,0.83546875
3114,3114,0.83546875
3115,3115,0.83546875
3116,3116,0.83546875
3117,3117,0.83546875
3118,3118,0.83546875
3119,3119,0.83546875
3120,3120,0.83546875
3121,3121,0.83546875
3122,3122,0.83546875
3123,3123,0.83546875
3124,3124,0.83546875
3125,3125,0.83546875
3126,3126,0.83546875
3127,3127,0.83546875
3128,3128,0.83546875
3129,3129,0.83546875
3130,3130,0.83546875
3131,3131,0.83546875
3132,3132,0.83546875
3133,3133,0.83546875
3134,3134,0.83546875
3135,3135,0.83546875
3136,3136,0.83546875
3137,3137,0.83546875
3138,3138,0.83546875
3139,3139,0.83546875
3140,3140,0.83546875
3141,3141,0.83546875
3142,3142,0.83546875
3143,3143,0.83546875
3144,3144,0.83546875
3145,3145,0.83546875
3146,3146,0.83546875
3147,3147,0.83546875
3148,3148,0.83546875
3149,3149,0.83546875
3150,3150,0.83546875
3151,3151,0.83546875
3152,3152,0.83546875
3153,3153,0.83546875
3154,3154,0.83546875
3155,3155,0.83546875
3156,3156,0.83546875
3157,3157,0.83546875
3158,3158,0.83546875
3159,3159,0.83546875
3160,3160,0.83546875
3161,3161,0.83546875
3162,3162,0.83546875
3163,3163,0.83546875
3164,3164,0.83546875
3165,3165,0.83546875
3166,3166,0.83546875
3167,3167,0.83546875
3168,3168,0.83546875
3169,3169,0.83546875
3170,3170,0.83546875
3171,3171,0.83546875
3172,3172,0.83546875
3173,3173,0.83546875
3174,3174,0.83546875
3175,3175,0.83546875
3176,3176,0.83546875
3177,3177,0.83546875
3178,3178,0.83546875
3179,3179,0.83546875
3180,3180,0.83546875
3181,3181,0.83546875
3182,3182,0.83546875
3183,3183,0.83546875
3184,3184,0.83546875
3185,3185,0.83546875
3186,3186,0.83546875
3187,3187,0.83546875
3188,3188,0.83546875
3189,3189,0.83546875
3190,3190,0.83546875
3191,3191,0.83546875
3192,3192,0.83546875
3193,3193,0.83546875
3194,3194,0.83546875
3195,3195,0.83546875
3196,3196,0.83546875
3197,3197,0.83546875
3198,3198,0.83546875
3199,3199,0.83546875
3200,3200,0.83546875
3201,3201,0.83546875
3202,3202,0.83546875
3203,3203,0.83546875
3204,3204,0.83546875
3205,3205,0.83546875
3206,3206,0.83546875
3207,3207,0.83546875
3208,3208,0.83546875
3209,3209,0.83546875
3210,3210,0.83546875
3211,3211,0.83546875
3212,3212,0.83546875
3213,3213,0.83546875
3214,3214,0.83546875
3215,3215,0.83546875
3216,3216,0.83546875
3217,3217,0.83546875
3218,3218,0.83546875
3219,3219,0.83546875
3220,3220,0.83546875
3221,3221,0.83546875
3222,3222,0.83546875
3223,3223,0.83546875
3224,3224,0.83546875
3225,3225,0.83546875
3226,3226,0.83546875
3227,3227,0.83546875
3228,3228,0.83546875
3229,3229,0.83546875
3230,3230,0.83546875
3231,3231,0.83546875
3232,3232,0.83546875
3233,3233,0.83546875
3234,3234,0.83546875
3235,3235,0.83546875
3236,3236,0.83546875
3237,3237,0.83546875
3238,3238,0.83546875
3239,3239,0.83546875
3240,3240,0.83546875
3241,3241,0.83546875
3242,3242,0.83546875
3243,3243,0.83546875
3244,3244,0.83546875
3245,3245,0.83546875
3246,3246,0.83546875
3247,3247,0.83546875
3248,3248,0.83546875
3249,3249,0.83546875
3250,3250,0.83546875
3251,3251,0.83546875
3252,3252,0.83546875
3253,3253,0.83546875
3254,3254,0.83546875
3255,3255,0.83546875
3256,3256,0.83546875
3257,3257,0.83546875
3258,3258,0.83546875
3259,3259,0.83546875
3260,3260,0.83546875
3261,3261,0.83546875
3262,3262,0.83546875
3263,3263,0.83546875
3264,3264,0.83546875
3265,3265,0.83546875
3266,3266,0.83546875
3267,3267,0.83546875
3268,3268,0.83546875
3269,3269,0.83546875
3270,3270,0.83546875
3271,3271,0.83546875
3272,3272,0.83546875
3273,3273,0.83546875
3274,3274,0.83546875
3275,3275,0.83546875
3276,3276,0.83546875
3277,3277,0.83546875
3278,3278,0.83546875
3279,3279,0.83546875
3280,3280,0.83546875
3281,3281,0.83546875
3282,3282,0.83546875
3283,3283,0.83546875
3284,3284,0.83546875
3285,3285,0.83546875
3286,3286,0.83546875
3287,3287,0.83546875
3288,3288,0.83546875
3289,3289,0.83546875
3290,3290,0.83546875
3291,3291,0.83546875
3292,3292,0.83546875
3293,3293,0.83546875
3294,3294,0.83546875
3295,3295,0.83546875
3296,3296,0.83546875
3297,3297,0.83546875
3298,3298,0.83546875
3299,3299,0.83546875
3300,3300,0.83546875
3301,3301,0.83546875
3302,3302,0.83546875
3303,3303,0.83546875
3304,3304,0.83546875
3305,3305,0.83546875
3306,3306,0.83546875
3307,3307,0.83546875
3308,3308,0.83546875
3309,3309,0.83546875
3310,3310,0.83546875
3311,3311,0.83546875
3312,3312,0.83546875
3313,3313,0.83546875
3314,3314,0.83546875
3315,3315,0.83546875
3316,3316,0.83546875
3317,3317,0.83546875
3318,3318,0.83546875
3319,3319,0.83546875
3320,3320,0.83546875
3321,3321,0.83546875
3322,3322,0.83546875
3323,3323,0.83546875
3324,3324,0.83546875
3325,3325,0.83546875
3326,3326,0.83546875
3327,3327,0.83546875
3328,3328,0.83546875
3329,3329,0.83546875
3330,3330,0.83546875
3331,3331,0.83546875
3332,3332,0.83546875
3333,3333,0.83546875
3334,3334,0.83546875
3335,3335,0.83546875
3336,3336,0.83546875
3337,3337,0.83546875
3338,3338,0.83546875
3339,3339,0.83546875
3340,3340,0.83546875
3341,3341,0.83546875
3342,3342,0.83546875
3343,3343,0.83546875
3344,3344,0.83546875
3345,3345,0.83546875
3346,3346,0.83546875
3347,3347,0.83546875
3348,3348,0.83546875
3349,3349,0.83546875
3350,3350,0.83546875
3351,3351,0.83546875
3352,3352,0.83546875
3353,3353,0.83546875
3354,3354,0.83546875
3355,3355,0.83546875
3356,3356,0.83546875
3357,3357,0.83546875
3358,3358,0.83546875
3359,3359,0.83546875
3360,3360,0.83546875
3361,3361,0.83546875
3362,3362,0.83546875
3363,3363,0.83546875
3364,3364,0.83546875
3365,3365,0.83546875
3366,3366,0.83546875
3367,3367,0.83546875
3368,3368,0.83546875
3369,3369,0.83546875
3370,3370,0.83546875
3371,3371,0.83546875
3372,3372,0.83546875
3373,3373,0.83546875
3374,3374,0.83546875
3375,3375,0.83546875
3376,3376,0.83546875
3377,3377,0.83546875
3378,3378,0.83546875
3379,3379,0.83546875
3380,3380,0.83546875
3381,3381,0.83546875
3382,3382,0.83546875
3383,3383,0.83546875
3384,3384,0.83546875
3385,3385,0.83546875
3386,3386,0.83546875
3387,3387,0.83546875
3388,3388,0.83546875
3389,3389,0.83546875
3390,3390,0.83546875
3391,3391,0.83546875
3392,3392,0.83546875
3393,3393,0.83546875
3394,3394,0.83546875
3395,3395,0.83546875
3396,3396,0.83546875
3397,3397,0.83546875
3398,3398,0.83546875
3399,3399,0.83546875
3400,3400,0.83546875
3401,3401,0.83546875
3402,3402,0.83546875
3403,3403,0.83546875
3404,3404,0.83546875
3405,3405,0.83546875
3406,3406,0.83546875
3407,3407,0.83546875
3408,3408,0.83546875
3409,3409,0.83546875
3410,3410,0.83546875
3411,3411,0.83546875
3412,3412,0.83546875
3413,3413,0.83546875
3414,3414,0.83546875
3415,3415,0.83546875
3416,3416,0.83546875
3417,3417,0.83546875
3418,3418,0.83546875
3419,3419,0.83546875
3420,3420,0.83546875
3421,3421,0.83546875
3422,3422,0.83546875
3423,3423,0.83546875
3424,3424,0.83546875
3425,3425,0.83546875
3426,3426,0.83546875
3427,3427,0.83546875
3428,3428,0.83546875
3429,3429,0.83546875
3430,3430,0.83546875
3431,3431,0.83546875
3432,3432,0.83546875
3433,3433,0.83546875
3434,3434,0.83546875
3435,3435,0.83546875
3436,3436,0.83546875
3437,3437,0.83546875
3438,3438,0.83546875
3439,3439,0.83546875
3440,3440,0.83546875
3441,3441,0.83546875
3442,3442,0.83546875
3443,3443,0.83546875
3444,3444,0.83546875
3445,3445,0.83546875
3446,3446,0.83546875
3447,3447,0.83546875
3448,3448,0.83546875
3449,3449,0.83546875
3450,3450,0.83546875
3451,3451,0.83546875
3452,3452,0.83546875
3453,3453,0.83546875
3454,3454,0.83546875
3455,3455,0.83546875
3456,3456,0.83546875
3457,3457,0.83546875
3458,3458,0.83546875
3459,3459,0.83546875
3460,3460,0.83546875
3461,3461,0.83546875
3462,3462,0.83546875
3463,3463,0.83546875
3464,3464,0.83546875
3465,3465,0.83546875
3466,3466,0.83546875
3467,3467,0.83546875
3468,3468,0.83546875
3469,3469,0.83546875
3470,3470,0.83546875
3471,3471,0.83546875
3472,3472,0.83546875
3473,3473,0.83546875
3474,3474,0.83546875
3475,3475,0.83546875
3476,3476,0.83546875
3477,3477,0.83546875
3478,3478,0.83546875
3479,3479,0.83546875
3480,3480,0.83546875
3481,3481,0.83546875
3482,3482,0.83546875
3483,3483,0.83546875
3484,3484,0.83546875
3485,3485,0.83546875
3486,3486,0.83546875
3487,3487,0.83546875
3488,3488,0.83546875
3489,3489,0.83546875
3490,3490,0.83546875
3491,3491,0.83546875
3492,3492,0.83546875
3493,3493,0.83546875
3494,3494,0.83546875
3495,3495,0.83546875
3496,3496,0.83546875
3497,3497,0.83546875
3498,3498,0.83546875
3499,3499,0.83546875
3500,3500,0.83546875
3501,3501,0.83546875
3502,3502,0.83546875
3503,3503,0.83546875
3504,3504,0.83546875
3505,3505,0.83546875
3506,3506,0.83546875
3507,3507,0.83546875
3508,3508,0.83546875
3509,3509,0.83546875
3510,3510,0.83546875
3511,3511,0.83546875
3512,3512,0.83546875
3513,3513,0.83546875
3514,3514,0.83546875
3515,3515,0.83546875
3516,3516,0.83546875
3517,3517,0.83546875
3518,3518,0.83546875
3519,3519,0.83546875
3520,3520,0.83546875
3521,3521,0.83546875
3522,3522,0.83546875
3523,3523,0.83546875
3524,3524,0.83546875
3525,3525,0.83546875
3526,3526,0.83546875
3527,3527,0.83546875
3528,3528,0.83546875
3529,3529,0.83546875
3530,3530,0.83546875
3531,3531,0.83546875
3532,3532,0.83546875
3533,3533,0.83546875
3534,3534,0.83546875
3535,3535,0.83546875
3536,3536,0.83546875
3537,3537,0.83546875
3538,3538,0.83546875
3539,3539,0.83546875
3540,3540,0.83546875
3541,3541,0.83546875
3542,3542,0.83546875
3543,3543,0.83546875
3544,3544,0.83546875
3545,3545,0.83546875
3546,3546,0.83546875
3547,3547,0.83546875
3548,3548,0.83546875
3549,3549,0.83546875
3550,3550,0.83546875
3551,3551,0.83546875
3552,3552,0.83546875
3553,3553,0.83546875
3554,3554,0.83546875
3555,3555,0.83546875
3556,3556,0.83546875
3557,3557,0.83546875
3558,3558,0.83546875
3559,3559,0.83546875
3560,3560,0.83546875
3561,3561,0.83546875
3562,3562,0.83546875
3563,3563,0.83546875
3564,3564,0.83546875
3565,3565,0.83546875
3566,3566,0.83546875
3567,3567,0.83546875
3568,3568,0.83546875
3569,3569,0.83546875
3570,3570,0.83546875
3571,3571,0.83546875
3572,3572,0.83546875
3573,3573,0.83546875
3574,3574,0.83546875
3575,3575,0.83546875
3576,3576,0.83546875
3577,3577,0.83546875
3578,3578,0.83546875
3579,3579,0.83546875
3580,3580,0.83546875
3581,3581,0.83546875
3582,3582,0.83546875
3583,3583,0.83546875
3584,3584,0.83546875
3585,3585,0.83546875
3586,3586,0.83546875
3587,3587,0.83546875
3588,3588,0.83546875
3589,3589,0.83546875
3590,3590,0.83546875
3591,3591,0.83546875
3592,3592,0.83546875
3593,3593,0.83546875
3594,3594,0.83546875
3595,3595,0.83546875
3596,3596,0.83546875
3597,3597,0.83546875
3598,3598,0.83546875
3599,3599,0.83546875
3600,3600,0.83546875
3601,3601,0.83546875
3602,3602,0.83546875
3603,3603,0.83546875
3604,3604,0.83546875
3605,3605,0.83546875
3606,3606,0.83546875
3607,3607,0.83546875
3608,3608,0.83546875
3609,3609,0.83546875
3610,3610,0.83546875
3611,3611,0.83546875
3612,3612,0.83546875
3613,3613,0.83546875
3614,3614,0.83546875
3615,3615,0.83546875
3616,3616,0.83546875
3617,3617,0.83546875
3618,3618,0.83546875
3619,3619,0.83546875
3620,3620,0.83546875
3621,3621,0.83546875
3622,3622,0.83546875
3623,3623,0.83546875
3624,3624,0.83546875
3625,3625,0.83546875
3626,3626,0.83546875
3627,3627,0.83546875
3628,3628,0.83546875
3629,3629,0.83546875
3630,3630,0.83546875
3631,3631,0.83546875
3632,3632,0.83546875
3633,3633,0.83546875
3634,3634,0.83546875
3635,3635,0.83546875
3636,3636,0.83546875
3637,3637,0.83546875
3638,3638,0.83546875
3639,3639,0.83546875
3640,3640,0.83546875
3641,3641,0.83546875
3642,3642,0.83546875
3643,3643,0.83546875
3644,3644,0.83546875
3645,3645,0.83546875
3646,3646,0.83546875
3647,3647,0.83546875
3648,3648,0.83546875
3649,3649,0.83546875
3650,3650,0.83546875
3651,3651,0.83546875
3652,3652,0.83546875
3653,3653,0.83546875
3654,3654,0.83546875
3655,3655,0.83546875
3656,3656,0.83546875
3657,3657,0.83546875
3658,3658,0.83546875
3659,3659,0.83546875
3660,3660,0.83546875
3661,3661,0.83546875
3662,3662,0.83546875
3663,3663,0.83546875
3664,3664,0.83546875
3665,3665,0.83546875
3666,3666,0.83546875
3667,3667,0.83546875
3668,3668,0.83546875
3669,3669,0.83546875
3670,3670,0.83546875
3671,3671,0.83546875
3672,3672,0.83546875
3673,3673,0.83546875
3674,3674,0.83546875
3675,3675,0.83546875
3676,3676,0.83546875
3677,3677,0.83546875
3678,3678,0.83546875
3679,3679,0.83546875
3680,3680,0.83546875
3681,3681,0.83546875
3682,3682,0.83546875
3683,3683,0.83546875
3684,3684,0.83546875
3685,3685,0.83546875
3686,3686,0.83546875
3687,3687,0.83546875
3688,3688,0.83546875
3689,3689,0.83546875
3690,3690,0.83546875
3691,3691,0.83546875
3692,3692,0.83546875
3693,3693,0.83546875
3694,3694,0.83546875
3695,3695,0.83546875
3696,3696,0.83546875
3697,3697,0.83546875
3698,3698,0.83546875
3699,3699,0.83546875
3700,3700,0.83546875
3701,3701,0.83546875
3702,3702,0.83546875
3703,3703,0.83546875
3704,3704,0.83546875
3705,3705,0.83546875
3706,3706,0.83546875
3707,3707,0.83546875
3708,3708,0.83546875
3709,3709,0.83546875
3710,3710,0.83546875
3711,3711,0.83546875
3712,3712,0.83546875
3713,3713,0.83546875
3714,3714,0.83546875
3715,3715,0.83546875
3716,3716,0.83546875
3717,3717,0.83546875
3718,3718,0.83546875
3719,3719,0.83546875
3720,3720,0.83546875
3721,3721,0.83546875
3722,3722,0.83546875
3723,3723,0.83546875
3724,3724,0.83546875
3725,3725,0.83546875
3726,3726,0.83546875
3727,3727,0.83546875
3728,3728,0.83546875
3729,3729,0.83546875
3730,3730,0.83546875
3731,3731,0.83546875
3732,3732,0.83546875
3733,3733,0.83546875
3734,3734,0.83546875
3735,3735,0.83546875
3736,3736,0.83546875
3737,3737,0.83546875
3738,3738,0.83546875
3739,3739,0.83546875
3740,3740,0.83546875
3741,3741,0.83546875
3742,3742,0.83546875
3743,3743,0.83546875
3744,3744,0.83546875
3745,3745,0.83546875
3746,3746,0.83546875
3747,3747,0.83546875
3748,3748,0.83546875
3749,3749,0.83546875
3750,3750,0.83546875
3751,3751,0.83546875
3752,3752,0.83546875
3753,3753,0.83546875
3754,3754,0.83546875
3755,3755,0.83546875
3756,3756,0.83546875
3757,3757,0.83546875
3758,3758,0.83546875
3759,3759,0.83546875
3760,3760,0.83546875
3761,3761,0.83546875
3762,3762,0.83546875
3763,3763,0.83546875
3764,3764,0.83546875
3765,3765,0.83546875
3766,3766,0.83546875
3767,3767,0.83546875
3768,3768,0.83546875
3769,3769,0.83546875
3770,3770,0.83546875
3771,3771,0.83546875
3772,3772,0.83546875
3773,3773,0.83546875
3774,3774,0.83546875
3775,3775,0.83546875
3776,3776,0.83546875
3777,3777,0.83546875
3778,3778,0.83546875
3779,3779,0.83546875
3780,3780,0.83546875
3781,3781,0.83546875
3782,3782,0.83546875
3783,3783,0.83546875
3784,3784,0.83546875
3785,3785,0.83546875
3786,3786,0.83546875
3787,3787,0.83546875
3788,3788,0.83546875
3789,3789,0.83546875
3790,3790,0.83546875
3791,3791,0.83546875
3792,3792,0.83546875
3793,3793,0.83546875
3794,3794,0.83546875
3795,3795,0.83546875
3796,3796,0.83546875
3797,3797,0.83546875
3798,3798,0.83546875
