Id,TARGET_5Yrs
0,0.80
1,0.32
2,0.22
3,0.57
4,0.19
5,0.69
6,0.79
7,0.31
8,0.26
9,0.80
10,0.05
11,0.39
12,0.70
13,0.04
14,0.76
15,0.42
16,0.75
17,0.32
18,0.59
19,0.32
20,0.16
21,0.19
22,0.66
23,0.94
24,0.16
25,0.84
26,0.07
27,0.14
28,0.64
29,0.18
30,0.88
31,0.65
32,0.21
33,0.19
34,0.93
35,0.48
36,0.40
37,0.05
38,0.55
39,0.74
40,0.49
41,0.06
42,0.61
43,0.83
44,0.52
45,0.04
46,0.18
47,0.10
48,0.21
49,0.00
50,0.70
51,0.14
52,0.00
53,0.25
54,0.89
55,0.17
56,0.12
57,0.11
58,0.93
59,0.51
60,0.74
61,0.81
62,0.06
63,0.99
64,0.38
65,0.49
66,0.99
67,0.05
68,0.93
69,0.08
70,0.18
71,0.44
72,0.91
73,0.82
74,0.95
75,0.39
76,0.21
77,0.55
78,0.51
79,0.21
80,0.28
81,0.87
82,0.18
83,0.30
84,0.89
85,0.80
86,0.38
87,0.91
88,0.44
89,0.47
90,0.77
91,0.31
92,0.83
93,0.01
94,0.21
95,0.27
96,0.76
97,0.17
98,0.78
99,0.43
100,0.82
101,0.97
102,0.15
103,0.80
104,0.21
105,0.42
106,0.90
107,0.29
108,0.71
109,0.94
110,0.77
111,0.43
112,0.57
113,0.14
114,0.63
115,0.67
116,0.77
117,0.59
118,0.46
119,0.22
120,0.48
121,0.43
122,0.98
123,0.10
124,0.42
125,0.22
126,0.14
127,0.43
128,0.01
129,0.84
130,0.66
131,0.92
132,0.45
133,0.03
134,0.19
135,0.30
136,0.22
137,0.98
138,0.91
139,0.32
140,0.30
141,0.12
142,0.64
143,0.50
144,0.65
145,0.87
146,0.62
147,0.88
148,0.07
149,0.96
150,0.78
151,0.12
152,0.08
153,0.45
154,0.59
155,0.48
156,0.31
157,0.11
158,0.69
159,0.78
160,0.99
161,0.88
162,0.72
163,0.49
164,0.26
165,0.00
166,0.77
167,0.45
168,0.76
169,0.91
170,0.11
171,0.84
172,0.14
173,0.40
174,0.82
175,0.08
176,0.70
177,0.49
178,0.00
179,0.80
180,0.96
181,0.29
182,0.45
183,0.29
184,0.02
185,0.52
186,0.30
187,0.65
188,1.00
189,0.41
190,0.64
191,0.28
192,0.19
193,0.28
194,0.93
195,0.62
196,0.16
197,0.41
198,0.31
199,0.62
200,0.29
201,0.52
202,0.96
203,0.30
204,0.82
205,0.60
206,0.43
207,0.99
208,0.72
209,0.27
210,0.26
211,0.32
212,0.69
213,0.86
214,0.31
215,0.33
216,0.21
217,0.98
218,0.30
219,0.85
220,0.58
221,0.17
222,0.04
223,0.89
224,0.58
225,0.06
226,0.22
227,0.82
228,0.77
229,0.64
230,0.50
231,0.97
232,0.58
233,0.95
234,0.40
235,0.77
236,0.37
237,0.64
238,0.28
239,0.55
240,0.97
241,0.26
242,0.03
243,0.30
244,0.17
245,0.83
246,0.74
247,0.00
248,0.16
249,0.37
250,0.96
251,0.28
252,0.07
253,0.31
254,0.68
255,0.18
256,0.92
257,0.59
258,0.12
259,0.89
260,0.21
261,0.52
262,0.05
263,0.22
264,0.96
265,0.83
266,0.20
267,0.21
268,0.32
269,0.84
270,0.77
271,0.39
272,0.63
273,0.21
274,0.21
275,0.95
276,0.33
277,0.66
278,0.10
279,0.84
280,0.72
281,0.87
282,0.01
283,0.17
284,0.89
285,0.48
286,0.08
287,0.41
288,0.78
289,0.80
290,0.15
291,0.89
292,0.16
293,0.91
294,0.46
295,0.16
296,0.37
297,0.18
298,0.41
299,0.99
300,0.19
301,0.68
302,0.37
303,0.74
304,0.34
305,0.17
306,0.79
307,0.77
308,0.84
309,0.97
310,0.04
311,0.09
312,0.36
313,0.05
314,0.56
315,0.46
316,0.56
317,0.28
318,0.00
319,0.98
320,0.56
321,0.65
322,0.36
323,0.81
324,0.85
325,0.69
326,0.43
327,0.34
328,0.57
329,0.40
330,0.11
331,0.88
332,0.06
333,0.17
334,0.85
335,0.26
336,0.20
337,0.78
338,0.72
339,0.72
340,0.13
341,0.31
342,0.55
343,1.00
344,0.59
345,0.50
346,0.94
347,0.26
348,0.40
349,0.41
350,0.08
351,0.61
352,0.60
353,0.35
354,0.62
355,0.25
356,0.84
357,0.56
358,0.08
359,0.61
360,0.93
361,0.36
362,0.97
363,0.82
364,0.78
365,0.90
366,0.65
367,0.69
368,0.52
369,0.57
370,0.99
371,0.70
372,0.57
373,0.40
374,0.18
375,0.48
376,0.81
377,0.76
378,0.52
379,0.06
380,0.15
381,0.40
382,0.98
383,0.10
384,0.94
385,0.95
386,0.15
387,0.64
388,0.56
389,0.59
390,0.00
391,0.36
392,0.60
393,0.43
394,0.06
395,0.27
396,0.27
397,0.33
398,0.79
399,0.91
400,0.09
401,0.81
402,0.23
403,0.53
404,0.76
405,0.49
406,0.44
407,0.80
408,0.50
409,0.99
410,0.80
411,0.90
412,0.14
413,0.74
414,0.25
415,0.13
416,0.16
417,0.51
418,0.04
419,0.82
420,0.41
421,0.21
422,0.92
423,0.41
424,0.07
425,0.21
426,0.66
427,0.91
428,0.61
429,0.48
430,0.36
431,0.74
432,0.60
433,0.73
434,0.02
435,0.02
436,0.61
437,0.57
438,0.99
439,0.92
440,0.69
441,0.88
442,0.36
443,0.85
444,0.49
445,0.56
446,0.16
447,0.35
448,0.35
449,1.00
450,0.02
451,0.63
452,0.00
453,0.15
454,0.62
455,0.70
456,0.90
457,0.95
458,0.82
459,0.82
460,0.15
461,0.96
462,0.60
463,0.64
464,0.19
465,0.10
466,0.16
467,0.96
468,0.35
469,0.90
470,0.58
471,0.97
472,0.96
473,0.50
474,0.36
475,0.21
476,0.36
477,0.30
478,0.15
479,0.57
480,0.68
481,0.21
482,0.75
483,0.80
484,0.05
485,0.00
486,0.90
487,0.69
488,0.11
489,0.73
490,0.09
491,0.01
492,0.77
493,0.32
494,0.68
495,0.39
496,0.22
497,0.15
498,0.93
499,0.65
500,0.99
501,0.43
502,0.71
503,0.89
504,0.81
505,0.38
506,0.69
507,0.51
508,0.50
509,0.95
510,1.00
511,0.31
512,0.25
513,0.06
514,0.58
515,0.07
516,0.10
517,0.02
518,0.41
519,0.12
520,0.17
521,0.50
522,0.70
523,0.87
524,0.50
525,0.74
526,0.43
527,0.80
528,0.51
529,0.28
530,0.86
531,0.01
532,0.55
533,0.04
534,0.30
535,0.78
536,0.68
537,0.90
538,0.01
539,0.72
540,0.53
541,0.44
542,0.65
543,0.17
544,0.77
545,0.50
546,0.98
547,0.20
548,0.16
549,0.70
550,0.34
551,0.23
552,0.42
553,0.03
554,0.42
555,0.53
556,0.54
557,0.57
558,0.39
559,0.25
560,0.93
561,0.09
562,0.52
563,0.98
564,0.59
565,0.72
566,0.18
567,0.44
568,0.94
569,0.55
570,0.61
571,0.57
572,0.85
573,0.40
574,0.30
575,0.04
576,0.67
577,0.74
578,0.17
579,0.33
580,0.19
581,0.02
582,0.97
583,0.43
584,0.72
585,0.48
586,0.82
587,0.32
588,0.44
589,0.10
590,0.25
591,0.18
592,0.35
593,0.23
594,0.28
595,0.37
596,0.23
597,1.00
598,0.84
599,0.89
600,0.10
601,0.28
602,0.01
603,0.60
604,0.36
605,0.68
606,0.47
607,0.98
608,0.65
609,0.29
610,0.19
611,0.67
612,0.01
613,0.45
614,0.35
615,0.27
616,0.16
617,0.82
618,0.64
619,0.87
620,0.08
621,0.94
622,0.91
623,0.03
624,0.65
625,0.60
626,0.50
627,0.67
628,0.73
629,0.75
630,0.81
631,0.11
632,0.99
633,0.37
634,0.77
635,0.62
636,0.86
637,0.35
638,0.59
639,0.23
640,0.83
641,0.56
642,0.96
643,0.85
644,0.26
645,0.50
646,0.09
647,0.94
648,0.15
649,0.97
650,0.20
651,0.97
652,0.45
653,0.82
654,0.44
655,0.16
656,0.26
657,0.69
658,0.02
659,0.10
660,0.82
661,0.08
662,0.17
663,0.57
664,0.82
665,0.46
666,0.02
667,0.18
668,0.04
669,0.28
670,0.70
671,0.60
672,0.77
673,0.62
674,0.66
675,0.71
676,0.91
677,0.77
678,0.86
679,0.02
680,0.66
681,0.84
682,0.90
683,0.02
684,0.62
685,0.38
686,0.40
687,0.56
688,0.56
689,0.59
690,0.61
691,0.48
692,0.81
693,0.33
694,0.53
695,0.96
696,0.86
697,0.76
698,0.98
699,0.24
700,0.83
701,0.40
702,0.03
703,0.20
704,0.17
705,0.98
706,0.06
707,0.44
708,0.60
709,0.52
710,0.18
711,0.03
712,1.00
713,0.25
714,0.18
715,0.61
716,0.01
717,0.72
718,0.77
719,0.67
720,0.22
721,0.29
722,0.76
723,0.70
724,0.44
725,0.22
726,0.57
727,0.72
728,0.01
729,0.89
730,0.55
731,0.52
732,0.95
733,0.91
734,0.05
735,0.19
736,0.08
737,0.74
738,0.01
739,0.42
740,0.69
741,0.34
742,0.14
743,0.22
744,0.90
745,0.48
746,0.71
747,0.89
748,0.71
749,0.16
750,0.76
751,0.33
752,0.45
753,0.91
754,0.47
755,0.82
756,0.50
757,0.75
758,0.06
759,0.72
760,0.87
761,0.49
762,0.18
763,0.36
764,0.76
765,0.75
766,0.71
767,0.51
768,0.43
769,0.66
770,0.19
771,0.06
772,0.11
773,0.50
774,0.10
775,0.06
776,0.73
777,0.82
778,0.11
779,0.44
780,0.02
781,0.62
782,0.57
783,0.59
784,0.26
785,0.34
786,0.67
787,0.51
788,0.77
789,0.14
790,0.56
791,0.20
792,0.59
793,0.83
794,0.71
795,0.07
796,0.41
797,0.18
798,0.08
799,0.59
800,0.73
801,0.23
802,1.00
803,0.07
804,0.00
805,0.97
806,0.26
807,0.91
808,0.28
809,0.63
810,0.16
811,0.05
812,0.85
813,0.69
814,0.78
815,0.84
816,0.10
817,0.68
818,0.32
819,0.70
820,0.24
821,0.86
822,0.10
823,0.76
824,0.06
825,0.11
826,0.52
827,0.37
828,0.47
829,0.28
830,0.01
831,0.42
832,0.21
833,0.03
834,0.97
835,0.51
836,0.71
837,0.20
838,0.51
839,0.38
840,0.75
841,0.77
842,0.47
843,1.00
844,0.70
845,0.39
846,0.90
847,0.19
848,0.07
849,0.55
850,0.56
851,0.76
852,0.60
853,0.78
854,0.44
855,0.75
856,0.95
857,0.58
858,0.69
859,0.17
860,0.42
861,0.97
862,0.72
863,0.14
864,0.42
865,0.84
866,0.83
867,0.81
868,0.26
869,0.52
870,0.29
871,0.24
872,0.51
873,0.35
874,0.81
875,0.71
876,0.51
877,0.83
878,0.77
879,0.10
880,0.95
881,0.46
882,0.33
883,0.43
884,0.24
885,0.15
886,0.44
887,0.28
888,0.59
889,0.44
890,0.86
891,0.53
892,0.59
893,0.66
894,0.41
895,0.75
896,1.00
897,0.07
898,0.48
899,0.72
900,0.21
901,0.41
902,0.52
903,0.31
904,0.88
905,0.95
906,0.69
907,0.31
908,0.82
909,0.07
910,0.38
911,0.75
912,0.78
913,0.15
914,0.36
915,0.49
916,0.81
917,0.45
918,0.71
919,0.24
920,0.68
921,0.60
922,0.25
923,0.39
924,0.53
925,0.84
926,0.73
927,0.13
928,0.80
929,0.95
930,0.25
931,0.10
932,0.10
933,0.15
934,0.62
935,0.32
936,0.99
937,0.43
938,0.09
939,0.83
940,0.69
941,0.99
942,0.97
943,0.37
944,0.18
945,0.48
946,0.24
947,0.59
948,0.17
949,0.53
950,0.07
951,0.84
952,0.68
953,0.52
954,0.93
955,0.84
956,0.62
957,0.75
958,0.28
959,0.27
960,0.28
961,0.65
962,0.18
963,0.75
964,0.70
965,0.10
966,0.63
967,0.75
968,0.09
969,0.98
970,0.21
971,0.74
972,0.66
973,0.23
974,0.07
975,0.14
976,0.67
977,0.96
978,0.00
979,0.72
980,0.95
981,0.16
982,0.28
983,0.64
984,0.14
985,0.28
986,0.14
987,0.13
988,0.66
989,0.49
990,0.77
991,0.10
992,0.47
993,0.37
994,0.17
995,0.19
996,0.87
997,0.38
998,0.63
999,0.20
1000,0.30
1001,0.90
1002,1.00
1003,0.38
1004,0.46
1005,0.82
1006,0.27
1007,0.14
1008,0.70
1009,0.49
1010,0.14
1011,0.74
1012,0.92
1013,0.10
1014,0.26
1015,0.90
1016,0.11
1017,0.20
1018,0.63
1019,0.00
1020,0.66
1021,0.63
1022,0.36
1023,0.49
1024,0.54
1025,0.80
1026,0.12
1027,0.11
1028,0.60
1029,0.90
1030,0.78
1031,0.39
1032,0.29
1033,0.21
1034,0.20
1035,0.69
1036,0.69
1037,0.89
1038,0.20
1039,0.68
1040,0.15
1041,0.20
1042,0.41
1043,0.07
1044,0.14
1045,0.20
1046,0.28
1047,0.34
1048,0.30
1049,0.97
1050,0.85
1051,0.48
1052,0.89
1053,0.48
1054,0.07
1055,0.82
1056,0.81
1057,0.69
1058,0.05
1059,0.72
1060,0.48
1061,0.11
1062,0.44
1063,0.59
1064,0.57
1065,0.39
1066,0.92
1067,0.23
1068,0.44
1069,0.68
1070,0.74
1071,0.58
1072,0.70
1073,0.06
1074,0.91
1075,0.32
1076,0.46
1077,0.47
1078,0.81
1079,0.31
1080,0.64
1081,0.74
1082,0.56
1083,0.78
1084,0.49
1085,0.69
1086,0.69
1087,0.39
1088,0.87
1089,0.94
1090,0.43
1091,0.39
1092,0.25
1093,0.46
1094,0.29
1095,0.12
1096,0.21
1097,0.22
1098,0.24
1099,0.10
1100,0.60
1101,0.65
1102,0.06
1103,0.11
1104,0.58
1105,0.79
1106,0.35
1107,0.38
1108,0.74
1109,0.85
1110,0.29
1111,0.43
1112,0.17
1113,0.28
1114,0.13
1115,0.02
1116,0.06
1117,0.13
1118,0.36
1119,0.56
1120,0.23
1121,0.83
1122,0.39
1123,0.45
1124,0.39
1125,0.95
1126,0.96
1127,0.35
1128,0.28
1129,0.70
1130,0.36
1131,0.71
1132,0.77
1133,0.99
1134,0.80
1135,0.62
1136,0.89
1137,0.62
1138,0.85
1139,0.50
1140,0.42
1141,0.93
1142,0.31
1143,0.60
1144,0.46
1145,0.10
1146,0.05
1147,0.42
1148,0.88
1149,0.60
1150,0.89
1151,0.94
1152,0.97
1153,1.00
1154,0.06
1155,0.92
1156,0.87
1157,1.00
1158,0.00
1159,0.76
1160,0.23
1161,0.11
1162,0.88
1163,0.32
1164,0.82
1165,0.79
1166,0.27
1167,0.48
1168,0.16
1169,0.82
1170,0.04
1171,0.95
1172,0.32
1173,0.61
1174,0.94
1175,0.68
1176,0.09
1177,0.85
1178,0.79
1179,0.39
1180,0.21
1181,0.36
1182,0.90
1183,0.61
1184,0.36
1185,0.94
1186,0.28
1187,0.03
1188,0.78
1189,0.68
1190,0.56
1191,0.69
1192,0.81
1193,0.69
1194,0.09
1195,0.88
1196,0.89
1197,0.77
1198,0.62
1199,0.88
1200,0.39
1201,0.69
1202,0.36
1203,0.22
1204,0.94
1205,0.99
1206,0.03
1207,0.99
1208,0.10
1209,0.30
1210,0.39
1211,0.31
1212,0.15
1213,0.55
1214,0.26
1215,0.21
1216,0.08
1217,0.72
1218,0.08
1219,0.09
1220,0.00
1221,0.57
1222,0.88
1223,0.64
1224,0.72
1225,0.15
1226,0.66
1227,0.06
1228,0.39
1229,0.65
1230,0.75
1231,0.03
1232,0.77
1233,0.89
1234,0.05
1235,0.17
1236,0.56
1237,0.03
1238,0.96
1239,0.94
1240,0.68
1241,0.33
1242,0.21
1243,0.10
1244,0.48
1245,0.13
1246,0.63
1247,0.98
1248,0.35
1249,0.25
1250,0.64
1251,0.27
1252,0.53
1253,0.74
1254,0.58
1255,0.87
1256,0.48
1257,0.73
1258,0.72
1259,0.31
1260,0.61
1261,1.00
1262,0.39
1263,0.75
1264,0.85
1265,0.38
1266,0.52
1267,0.38
1268,0.96
1269,0.12
1270,0.30
1271,0.58
1272,0.52
1273,0.32
1274,0.28
1275,0.63
1276,0.85
1277,0.27
1278,0.85
1279,0.44
1280,0.14
1281,0.88
1282,0.38
1283,0.46
1284,0.57
1285,0.57
1286,0.12
1287,0.02
1288,0.08
1289,0.80
1290,0.90
1291,0.94
1292,0.49
1293,0.80
1294,0.48
1295,0.80
1296,0.53
1297,0.08
1298,0.90
1299,0.61
1300,0.24
1301,0.59
1302,0.14
1303,0.94
1304,0.04
1305,0.76
1306,0.44
1307,0.36
1308,0.41
1309,0.19
1310,0.65
1311,0.16
1312,0.07
1313,0.96
1314,0.14
1315,0.83
1316,0.87
1317,0.69
1318,0.41
1319,0.30
1320,0.37
1321,0.69
1322,0.21
1323,0.05
1324,0.54
1325,0.35
1326,0.14
1327,0.17
1328,0.67
1329,0.90
1330,0.69
1331,0.78
1332,1.00
1333,0.42
1334,0.53
1335,0.60
1336,0.10
1337,0.25
1338,0.43
1339,0.95
1340,0.85
1341,0.39
1342,0.17
1343,0.50
1344,0.89
1345,0.38
1346,0.70
1347,0.94
1348,0.82
1349,0.33
1350,0.99
1351,0.11
1352,0.57
1353,0.41
1354,0.58
1355,0.82
1356,0.34
1357,0.79
1358,0.35
1359,0.50
1360,0.10
1361,0.14
1362,0.31
1363,0.08
1364,0.58
1365,0.74
1366,0.73
1367,0.09
1368,0.47
1369,0.41
1370,1.00
1371,0.07
1372,0.02
1373,0.60
1374,0.63
1375,0.17
1376,0.63
1377,0.38
1378,0.03
1379,0.21
1380,0.59
1381,0.71
1382,0.61
1383,0.38
1384,0.80
1385,0.72
1386,0.00
1387,0.36
1388,0.00
1389,0.44
1390,0.08
1391,0.80
1392,0.37
1393,0.38
1394,0.50
1395,0.80
1396,0.19
1397,0.68
1398,0.70
1399,0.92
1400,0.44
1401,0.69
1402,0.36
1403,0.09
1404,0.69
1405,0.76
1406,0.11
1407,0.97
1408,0.93
1409,0.03
1410,0.41
1411,0.84
1412,0.47
1413,0.29
1414,0.34
1415,0.86
1416,0.69
1417,0.35
1418,0.45
1419,0.56
1420,0.47
1421,0.98
1422,0.26
1423,0.97
1424,0.63
1425,0.26
1426,0.97
1427,0.32
1428,0.60
1429,0.09
1430,0.54
1431,0.39
1432,0.05
1433,0.18
1434,0.30
1435,0.30
1436,0.57
1437,0.92
1438,0.36
1439,0.16
1440,0.07
1441,0.15
1442,0.00
1443,0.13
1444,0.47
1445,0.50
1446,0.82
1447,0.25
1448,0.43
1449,0.90
1450,0.74
1451,0.65
1452,0.42
1453,0.43
1454,0.30
1455,0.12
1456,0.70
1457,0.90
1458,0.30
1459,0.31
1460,0.03
1461,0.36
1462,0.84
1463,0.77
1464,0.84
1465,0.30
1466,0.03
1467,0.15
1468,0.41
1469,1.00
1470,0.71
1471,0.62
1472,0.11
1473,0.51
1474,0.10
1475,0.61
1476,0.16
1477,0.66
1478,0.56
1479,0.12
1480,0.68
1481,0.70
1482,0.52
1483,0.15
1484,0.82
1485,0.48
1486,0.42
1487,0.72
1488,0.64
1489,0.80
1490,0.87
1491,0.93
1492,0.79
1493,0.28
1494,0.43
1495,0.30
1496,0.53
1497,0.85
1498,0.26
1499,0.97
1500,0.63
1501,0.66
1502,0.79
1503,0.30
1504,0.09
1505,0.96
1506,0.34
1507,0.33
1508,0.01
1509,0.11
1510,0.57
1511,0.84
1512,1.00
1513,0.12
1514,0.31
1515,0.83
1516,0.15
1517,0.04
1518,0.26
1519,0.68
1520,0.33
1521,0.70
1522,0.27
1523,0.42
1524,0.22
1525,0.34
1526,0.26
1527,0.25
1528,0.36
1529,0.20
1530,1.00
1531,0.91
1532,0.10
1533,0.44
1534,0.49
1535,0.00
1536,0.32
1537,0.22
1538,0.72
1539,0.14
1540,0.62
1541,0.96
1542,0.48
1543,0.76
1544,0.06
1545,0.61
1546,0.51
1547,0.61
1548,0.06
1549,0.65
1550,0.49
1551,0.48
1552,0.60
1553,0.54
1554,0.78
1555,0.26
1556,0.75
1557,0.42
1558,0.49
1559,0.00
1560,0.02
1561,0.26
1562,0.16
1563,0.39
1564,0.18
1565,0.15
1566,0.93
1567,0.10
1568,0.28
1569,0.81
1570,0.12
1571,0.46
1572,0.26
1573,0.55
1574,0.81
1575,0.46
1576,0.65
1577,0.17
1578,0.97
1579,0.37
1580,0.83
1581,0.08
1582,0.85
1583,0.37
1584,0.63
1585,0.44
1586,0.77
1587,0.88
1588,0.25
1589,0.64
1590,0.73
1591,0.92
1592,0.19
1593,0.39
1594,0.32
1595,0.15
1596,0.12
1597,0.34
1598,0.53
1599,0.32
1600,0.92
1601,0.93
1602,0.41
1603,0.33
1604,0.81
1605,0.04
1606,0.29
1607,0.84
1608,0.19
1609,0.19
1610,0.66
1611,0.17
1612,0.96
1613,0.14
1614,0.88
1615,0.42
1616,0.00
1617,0.01
1618,0.76
1619,0.58
1620,0.06
1621,0.41
1622,0.15
1623,0.12
1624,0.16
1625,0.56
1626,0.29
1627,0.54
1628,0.33
1629,0.33
1630,0.62
1631,0.96
1632,0.50
1633,0.65
1634,0.86
1635,0.09
1636,0.26
1637,0.01
1638,0.92
1639,0.36
1640,0.97
1641,0.39
1642,0.94
1643,0.65
1644,0.15
1645,0.65
1646,0.09
1647,0.84
1648,0.05
1649,0.39
1650,0.37
1651,0.48
1652,0.30
1653,0.37
1654,0.09
1655,0.99
1656,0.64
1657,0.86
1658,0.47
1659,0.62
1660,0.91
1661,0.36
1662,0.12
1663,0.96
1664,0.52
1665,0.91
1666,0.27
1667,0.76
1668,0.10
1669,0.77
1670,0.64
1671,0.33
1672,0.22
1673,0.97
1674,0.12
1675,0.65
1676,0.44
1677,0.22
1678,0.11
1679,0.75
1680,0.10
1681,0.02
1682,0.18
1683,0.57
1684,0.49
1685,0.63
1686,0.64
1687,0.41
1688,0.70
1689,0.91
1690,0.74
1691,0.89
1692,0.34
1693,0.47
1694,0.97
1695,0.66
1696,0.77
1697,0.03
1698,0.30
1699,0.71
1700,0.24
1701,0.24
1702,0.49
1703,0.69
1704,0.84
1705,0.01
1706,0.49
1707,0.54
1708,0.59
1709,0.42
1710,0.23
1711,0.83
1712,0.12
1713,0.76
1714,0.58
1715,0.49
1716,0.78
1717,0.01
1718,0.35
1719,0.90
1720,0.28
1721,0.10
1722,0.79
1723,0.64
1724,0.94
1725,0.54
1726,0.11
1727,0.88
1728,0.34
1729,0.71
1730,0.30
1731,0.73
1732,0.28
1733,0.13
1734,0.55
1735,0.49
1736,0.59
1737,0.17
1738,0.27
1739,0.03
1740,0.89
1741,0.92
1742,0.87
1743,0.13
1744,0.32
1745,0.11
1746,0.01
1747,0.88
1748,0.10
1749,0.14
1750,0.27
1751,0.82
1752,0.54
1753,0.50
1754,0.81
1755,0.83
1756,0.41
1757,0.90
1758,0.02
1759,0.74
1760,0.42
1761,0.15
1762,0.79
1763,0.92
1764,0.54
1765,0.96
1766,0.16
1767,0.56
1768,0.82
1769,0.93
1770,0.17
1771,0.35
1772,0.32
1773,0.64
1774,0.96
1775,0.62
1776,0.14
1777,0.08
1778,0.84
1779,0.06
1780,0.15
1781,0.25
1782,0.52
1783,0.27
1784,0.89
1785,0.74
1786,0.58
1787,0.37
1788,0.51
1789,0.59
1790,0.89
1791,0.15
1792,0.52
1793,0.40
1794,0.77
1795,0.33
1796,0.49
1797,0.60
1798,0.37
1799,0.29
1800,0.96
1801,0.86
1802,0.05
1803,0.45
1804,0.50
1805,0.34
1806,0.73
1807,0.52
1808,0.89
1809,0.36
1810,0.29
1811,0.01
1812,0.66
1813,0.00
1814,0.41
1815,1.00
1816,0.44
1817,0.80
1818,0.79
1819,1.00
1820,0.91
1821,0.84
1822,0.22
1823,0.14
1824,0.12
1825,0.04
1826,0.66
1827,0.70
1828,0.76
1829,0.16
1830,0.77
1831,0.69
1832,0.72
1833,0.45
1834,0.26
1835,0.83
1836,0.91
1837,0.84
1838,0.08
1839,0.59
1840,0.36
1841,0.49
1842,0.60
1843,0.95
1844,0.42
1845,0.81
1846,0.52
1847,0.78
1848,0.13
1849,0.18
1850,0.95
1851,0.40
1852,0.02
1853,0.08
1854,0.04
1855,0.85
1856,0.65
1857,0.73
1858,0.56
1859,0.73
1860,0.85
1861,0.42
1862,0.61
1863,0.96
1864,0.29
1865,0.75
1866,0.60
1867,0.20
1868,0.46
1869,0.20
1870,0.85
1871,0.98
1872,0.92
1873,0.77
1874,0.13
1875,0.14
1876,0.61
1877,0.22
1878,0.28
1879,0.50
1880,0.52
1881,0.38
1882,0.77
1883,0.36
1884,0.11
1885,0.17
1886,0.17
1887,0.38
1888,0.96
1889,0.96
1890,0.00
1891,0.09
1892,0.68
1893,0.23
1894,0.93
1895,0.94
1896,0.55
1897,0.53
1898,0.16
1899,0.94
1900,0.61
1901,0.84
1902,0.71
1903,0.82
1904,0.55
1905,0.98
1906,0.79
1907,0.12
1908,0.09
1909,0.68
1910,0.41
1911,0.83
1912,0.03
1913,0.75
1914,0.69
1915,0.97
1916,0.60
1917,0.29
1918,0.07
1919,0.21
1920,0.54
1921,0.91
1922,0.75
1923,0.39
1924,0.65
1925,0.30
1926,0.08
1927,0.86
1928,0.27
1929,0.99
1930,0.30
1931,0.33
1932,0.24
1933,0.26
1934,0.16
1935,0.19
1936,0.60
1937,0.69
1938,0.60
1939,0.20
1940,0.40
1941,0.99
1942,0.62
1943,0.20
1944,0.54
1945,0.35
1946,0.48
1947,0.45
1948,0.44
1949,0.36
1950,0.53
1951,0.57
1952,0.99
1953,0.14
1954,0.89
1955,0.81
1956,0.08
1957,0.67
1958,0.67
1959,0.49
1960,0.70
1961,0.56
1962,0.37
1963,0.60
1964,0.39
1965,0.60
1966,0.29
1967,0.44
1968,0.14
1969,0.60
1970,0.50
1971,0.24
1972,0.66
1973,0.97
1974,0.29
1975,0.19
1976,0.80
1977,0.65
1978,0.21
1979,0.19
1980,0.87
1981,0.73
1982,0.45
1983,0.34
1984,0.44
1985,0.96
1986,0.25
1987,0.30
1988,0.66
1989,0.98
1990,0.54
1991,0.15
1992,0.30
1993,0.34
1994,0.04
1995,0.55
1996,0.85
1997,0.00
1998,0.08
1999,0.90
2000,0.62
2001,0.13
2002,0.32
2003,0.30
2004,0.13
2005,0.65
2006,0.18
2007,0.71
2008,0.13
2009,0.13
2010,0.47
2011,0.10
2012,0.04
2013,0.26
2014,0.56
2015,0.40
2016,0.71
2017,0.32
2018,0.84
2019,0.19
2020,0.51
2021,0.66
2022,0.31
2023,0.63
2024,0.43
2025,0.64
2026,0.08
2027,0.19
2028,0.48
2029,0.98
2030,0.30
2031,0.59
2032,0.22
2033,0.94
2034,0.45
2035,0.61
2036,0.33
2037,0.56
2038,0.94
2039,0.51
2040,0.34
2041,0.80
2042,0.10
2043,0.37
2044,0.30
2045,0.27
2046,1.00
2047,0.73
2048,0.35
2049,0.59
2050,0.47
2051,0.65
2052,0.01
2053,0.53
2054,0.49
2055,0.06
2056,0.20
2057,0.11
2058,0.49
2059,0.32
2060,0.83
2061,0.89
2062,0.07
2063,0.09
2064,0.54
2065,0.23
2066,0.36
2067,0.30
2068,0.82
2069,0.76
2070,0.75
2071,0.63
2072,0.74
2073,0.66
2074,0.28
2075,0.56
2076,0.65
2077,0.14
2078,0.04
2079,0.89
2080,0.45
2081,0.64
2082,0.00
2083,0.22
2084,0.31
2085,0.02
2086,0.16
2087,0.65
2088,0.97
2089,0.21
2090,0.06
2091,0.31
2092,0.52
2093,0.76
2094,0.03
2095,0.41
2096,0.23
2097,0.02
2098,0.54
2099,0.16
2100,0.50
2101,0.57
2102,0.08
2103,0.00
2104,0.17
2105,0.36
2106,0.52
2107,0.27
2108,0.95
2109,0.20
2110,0.84
2111,0.44
2112,0.47
2113,0.17
2114,0.24
2115,0.04
2116,0.60
2117,0.93
2118,0.50
2119,0.64
2120,0.98
2121,0.17
2122,0.91
2123,0.09
2124,0.26
2125,0.03
2126,0.23
2127,0.38
2128,0.71
2129,0.51
2130,0.01
2131,0.17
2132,0.24
2133,0.87
2134,0.16
2135,0.80
2136,0.55
2137,0.72
2138,0.82
2139,0.67
2140,0.85
2141,0.03
2142,0.18
2143,0.80
2144,0.15
2145,0.87
2146,0.80
2147,0.28
2148,0.96
2149,0.85
2150,0.54
2151,0.47
2152,0.88
2153,0.15
2154,0.10
2155,0.16
2156,0.62
2157,0.05
2158,0.27
2159,0.03
2160,0.21
2161,0.43
2162,0.13
2163,0.51
2164,0.54
2165,0.68
2166,0.91
2167,0.69
2168,0.11
2169,0.50
2170,0.79
2171,0.35
2172,0.37
2173,0.08
2174,0.52
2175,0.74
2176,0.31
2177,0.83
2178,0.53
2179,0.59
2180,0.19
2181,0.53
2182,0.63
2183,0.39
2184,0.42
2185,0.93
2186,0.82
2187,0.19
2188,0.51
2189,0.49
2190,0.42
2191,0.33
2192,0.95
2193,0.58
2194,0.67
2195,0.31
2196,0.18
2197,0.22
2198,0.23
2199,0.97
2200,0.16
2201,0.08
2202,0.90
2203,0.15
2204,0.90
2205,0.11
2206,0.26
2207,0.02
2208,0.15
2209,0.46
2210,0.09
2211,0.78
2212,0.57
2213,0.66
2214,0.50
2215,0.01
2216,0.68
2217,0.16
2218,0.84
2219,0.22
2220,0.15
2221,0.67
2222,0.67
2223,0.11
2224,0.07
2225,0.72
2226,0.47
2227,0.63
2228,0.80
2229,0.72
2230,0.08
2231,0.71
2232,0.41
2233,0.29
2234,0.85
2235,0.62
2236,0.93
2237,0.88
2238,0.17
2239,0.58
2240,0.04
2241,1.00
2242,0.81
2243,0.59
2244,0.80
2245,0.44
2246,0.38
2247,0.40
2248,0.58
2249,0.51
2250,0.99
2251,0.72
2252,0.74
2253,0.78
2254,0.02
2255,0.49
2256,1.00
2257,0.54
2258,0.84
2259,0.36
2260,0.51
2261,0.38
2262,1.00
2263,0.11
2264,0.33
2265,0.31
2266,0.40
2267,0.42
2268,0.68
2269,0.14
2270,0.57
2271,0.68
2272,0.38
2273,0.03
2274,0.51
2275,0.90
2276,0.14
2277,0.79
2278,0.35
2279,0.69
2280,0.42
2281,0.07
2282,0.49
2283,0.34
2284,0.41
2285,0.01
2286,0.83
2287,0.39
2288,0.84
2289,0.28
2290,0.15
2291,0.70
2292,0.92
2293,0.00
2294,0.82
2295,0.08
2296,0.80
2297,0.03
2298,0.53
2299,0.49
2300,0.23
2301,0.94
2302,0.78
2303,0.31
2304,0.95
2305,0.99
2306,0.01
2307,0.12
2308,0.70
2309,1.00
2310,0.47
2311,0.33
2312,0.18
2313,0.64
2314,0.67
2315,0.64
2316,0.16
2317,0.17
2318,0.27
2319,0.64
2320,0.22
2321,0.83
2322,0.31
2323,0.74
2324,0.68
2325,0.02
2326,0.24
2327,0.63
2328,0.11
2329,0.80
2330,0.58
2331,0.49
2332,0.53
2333,0.11
2334,0.61
2335,0.72
2336,0.12
2337,0.83
2338,0.80
2339,0.57
2340,0.04
2341,0.83
2342,0.62
2343,0.16
2344,0.46
2345,0.30
2346,0.31
2347,0.53
2348,0.91
2349,0.92
2350,0.15
2351,0.18
2352,0.66
2353,0.77
2354,0.99
2355,0.78
2356,0.45
2357,0.27
2358,0.27
2359,0.28
2360,0.18
2361,0.54
2362,0.19
2363,0.86
2364,0.18
2365,0.29
2366,0.88
2367,0.03
2368,0.77
2369,0.80
2370,0.14
2371,0.95
2372,0.97
2373,0.15
2374,0.04
2375,0.00
2376,0.44
2377,0.17
2378,0.91
2379,0.88
2380,1.00
2381,0.26
2382,0.76
2383,0.32
2384,0.04
2385,0.13
2386,0.36
2387,0.93
2388,0.73
2389,0.66
2390,0.85
2391,0.81
2392,0.18
2393,0.36
2394,0.68
2395,0.41
2396,0.39
2397,0.09
2398,0.86
2399,0.58
2400,0.25
2401,0.58
2402,0.84
2403,0.43
2404,0.50
2405,0.49
2406,0.04
2407,0.65
2408,0.05
2409,0.44
2410,0.58
2411,0.84
2412,0.01
2413,0.54
2414,0.15
2415,0.98
2416,0.32
2417,0.17
2418,0.66
2419,0.58
2420,0.85
2421,0.67
2422,0.30
2423,0.80
2424,0.64
2425,0.52
2426,0.89
2427,0.09
2428,0.07
2429,0.83
2430,0.30
2431,0.06
2432,0.21
2433,0.60
2434,0.76
2435,0.92
2436,0.36
2437,0.92
2438,0.15
2439,0.51
2440,0.84
2441,0.49
2442,0.19
2443,0.70
2444,0.82
2445,0.28
2446,0.59
2447,0.75
2448,0.31
2449,0.77
2450,0.95
2451,0.42
2452,0.57
2453,0.08
2454,0.63
2455,0.14
2456,0.41
2457,0.26
2458,0.44
2459,0.57
2460,0.73
2461,0.57
2462,0.70
2463,0.81
2464,0.52
2465,0.64
2466,0.93
2467,0.63
2468,0.66
2469,0.23
2470,0.94
2471,0.00
2472,0.08
2473,0.68
2474,0.63
2475,0.33
2476,0.59
2477,0.96
2478,0.03
2479,0.56
2480,0.57
2481,0.63
2482,0.85
2483,0.83
2484,0.80
2485,0.39
2486,0.52
2487,0.95
2488,0.60
2489,1.00
2490,0.07
2491,0.89
2492,0.89
2493,0.31
2494,0.74
2495,0.81
2496,0.33
2497,0.16
2498,0.37
2499,0.18
2500,0.43
2501,0.43
2502,0.10
2503,0.67
2504,0.78
2505,0.68
2506,0.92
2507,0.96
2508,0.64
2509,0.40
2510,0.24
2511,0.33
2512,0.20
2513,0.76
2514,0.83
2515,0.95
2516,0.51
2517,0.77
2518,0.78
2519,0.85
2520,0.37
2521,0.69
2522,0.49
2523,0.92
2524,0.63
2525,0.46
2526,0.35
2527,0.53
2528,1.00
2529,0.03
2530,0.87
2531,0.23
2532,0.87
2533,0.37
2534,0.76
2535,0.83
2536,0.37
2537,0.49
2538,0.38
2539,0.29
2540,0.69
2541,0.31
2542,0.04
2543,0.45
2544,0.02
2545,0.80
2546,0.23
2547,0.96
2548,0.56
2549,0.68
2550,0.30
2551,0.20
2552,0.30
2553,0.85
2554,0.35
2555,0.36
2556,0.05
2557,0.62
2558,0.04
2559,0.89
2560,0.20
2561,0.96
2562,0.94
2563,0.65
2564,0.47
2565,0.36
2566,0.91
2567,0.75
2568,0.68
2569,0.99
2570,0.17
2571,0.00
2572,0.01
2573,0.39
2574,0.12
2575,0.81
2576,0.93
2577,0.85
2578,0.35
2579,0.33
2580,0.45
2581,0.79
2582,0.52
2583,0.40
2584,0.95
2585,0.72
2586,0.91
2587,0.49
2588,0.96
2589,0.95
2590,0.15
2591,0.84
2592,0.00
2593,0.39
2594,0.94
2595,0.99
2596,0.56
2597,0.26
2598,0.73
2599,0.98
2600,0.59
2601,0.97
2602,0.66
2603,0.38
2604,0.75
2605,0.33
2606,0.93
2607,0.23
2608,0.92
2609,0.69
2610,0.10
2611,0.44
2612,0.08
2613,0.03
2614,0.89
2615,0.22
2616,0.67
2617,0.46
2618,0.72
2619,0.67
2620,0.34
2621,0.06
2622,0.91
2623,0.69
2624,0.65
2625,0.90
2626,0.27
2627,0.66
2628,0.19
2629,0.86
2630,0.59
2631,0.89
2632,0.15
2633,0.29
2634,0.85
2635,0.14
2636,0.50
2637,0.35
2638,0.08
2639,0.75
2640,0.39
2641,0.05
2642,0.15
2643,0.07
2644,0.34
2645,0.10
2646,0.55
2647,0.55
2648,0.77
2649,0.49
2650,0.78
2651,0.77
2652,0.03
2653,0.02
2654,0.48
2655,0.61
2656,0.25
2657,0.89
2658,0.80
2659,0.83
2660,0.31
2661,0.38
2662,0.50
2663,0.79
2664,0.99
2665,0.88
2666,0.45
2667,0.57
2668,0.04
2669,0.93
2670,0.71
2671,0.50
2672,0.07
2673,0.61
2674,0.52
2675,0.28
2676,0.03
2677,0.06
2678,0.60
2679,0.77
2680,0.61
2681,0.73
2682,0.73
2683,0.83
2684,0.00
2685,0.89
2686,0.49
2687,0.52
2688,0.78
2689,0.36
2690,0.63
2691,0.35
2692,0.15
2693,0.28
2694,0.64
2695,0.07
2696,0.99
2697,0.04
2698,0.08
2699,0.15
2700,0.61
2701,0.23
2702,0.70
2703,0.51
2704,0.34
2705,0.04
2706,0.08
2707,0.81
2708,0.78
2709,0.05
2710,0.08
2711,0.65
2712,0.65
2713,0.79
2714,0.23
2715,0.70
2716,0.96
2717,0.70
2718,0.95
2719,0.84
2720,0.02
2721,0.58
2722,0.89
2723,0.58
2724,0.38
2725,0.81
2726,0.06
2727,0.81
2728,0.51
2729,0.91
2730,0.88
2731,0.57
2732,0.88
2733,0.47
2734,0.82
2735,0.17
2736,0.19
2737,0.00
2738,0.11
2739,0.00
2740,0.81
2741,0.27
2742,0.58
2743,0.93
2744,0.08
2745,0.04
2746,0.60
2747,0.64
2748,0.84
2749,0.12
2750,0.59
2751,0.49
2752,0.86
2753,0.22
2754,0.49
2755,0.96
2756,0.54
2757,0.37
2758,0.69
2759,0.54
2760,0.60
2761,0.59
2762,0.32
2763,0.77
2764,0.42
2765,0.04
2766,0.19
2767,0.25
2768,0.40
2769,0.20
2770,0.80
2771,0.42
2772,0.14
2773,0.94
2774,0.70
2775,0.23
2776,0.95
2777,0.64
2778,0.46
2779,0.96
2780,0.79
2781,0.31
2782,0.32
2783,0.90
2784,0.26
2785,0.73
2786,0.46
2787,0.34
2788,0.25
2789,0.94
2790,0.37
2791,0.80
2792,0.76
2793,0.83
2794,0.08
2795,0.58
2796,0.62
2797,0.16
2798,0.78
2799,0.05
2800,0.15
2801,0.80
2802,0.03
2803,0.83
2804,0.09
2805,0.89
2806,0.51
2807,1.00
2808,0.14
2809,0.39
2810,0.19
2811,0.42
2812,0.50
2813,0.71
2814,0.20
2815,0.29
2816,0.45
2817,0.29
2818,0.13
2819,0.82
2820,0.25
2821,0.22
2822,0.00
2823,0.30
2824,0.87
2825,0.43
2826,0.57
2827,0.30
2828,0.52
2829,0.62
2830,0.75
2831,0.68
2832,0.10
2833,0.14
2834,0.23
2835,0.27
2836,0.71
2837,0.30
2838,0.93
2839,0.25
2840,0.85
2841,0.27
2842,0.72
2843,0.41
2844,0.72
2845,0.60
2846,0.71
2847,0.00
2848,0.76
2849,0.44
2850,0.23
2851,0.95
2852,0.20
2853,0.46
2854,1.00
2855,0.97
2856,0.84
2857,0.30
2858,0.91
2859,0.03
2860,0.38
2861,0.74
2862,0.40
2863,0.19
2864,0.36
2865,0.17
2866,0.79
2867,0.30
2868,0.24
2869,0.43
2870,0.95
2871,0.11
2872,0.13
2873,0.76
2874,0.33
2875,0.51
2876,0.97
2877,0.12
2878,0.88
2879,0.39
2880,0.95
2881,0.64
2882,0.46
2883,0.51
2884,0.12
2885,0.21
2886,0.84
2887,0.33
2888,0.71
2889,0.02
2890,0.59
2891,0.86
2892,0.40
2893,0.69
2894,0.82
2895,0.64
2896,0.59
2897,0.08
2898,0.67
2899,0.90
2900,0.74
2901,0.58
2902,0.55
2903,0.48
2904,0.72
2905,0.04
2906,0.11
2907,0.84
2908,0.23
2909,0.28
2910,0.32
2911,0.37
2912,0.18
2913,0.39
2914,0.44
2915,0.26
2916,0.50
2917,0.10
2918,0.62
2919,0.98
2920,0.05
2921,0.22
2922,0.74
2923,0.43
2924,0.16
2925,0.00
2926,0.86
2927,0.39
2928,0.07
2929,0.54
2930,0.24
2931,0.59
2932,0.87
2933,0.79
2934,0.12
2935,0.66
2936,0.21
2937,0.33
2938,0.31
2939,0.78
2940,0.33
2941,0.43
2942,0.79
2943,0.25
2944,0.09
2945,0.55
2946,0.10
2947,0.09
2948,0.84
2949,0.54
2950,0.07
2951,0.61
2952,0.36
2953,0.52
2954,0.43
2955,0.70
2956,0.47
2957,0.68
2958,0.10
2959,0.98
2960,0.71
2961,0.52
2962,0.67
2963,0.53
2964,0.25
2965,0.47
2966,0.54
2967,0.48
2968,0.90
2969,0.99
2970,0.64
2971,0.86
2972,0.59
2973,0.88
2974,0.64
2975,0.01
2976,0.37
2977,0.81
2978,0.62
2979,0.01
2980,1.00
2981,0.80
2982,0.56
2983,0.72
2984,0.79
2985,0.49
2986,0.77
2987,0.23
2988,0.13
2989,0.31
2990,0.61
2991,0.25
2992,0.28
2993,0.54
2994,0.83
2995,0.42
2996,0.58
2997,0.03
2998,0.89
2999,0.97
3000,0.96
3001,0.84
3002,0.80
3003,0.76
3004,0.98
3005,0.81
3006,0.03
3007,0.42
3008,0.63
3009,0.43
3010,0.09
3011,0.34
3012,0.51
3013,0.53
3014,0.76
3015,0.74
3016,0.89
3017,1.00
3018,0.97
3019,0.55
3020,0.76
3021,0.12
3022,0.10
3023,0.36
3024,0.57
3025,0.53
3026,0.19
3027,0.96
3028,0.19
3029,0.02
3030,0.41
3031,0.36
3032,0.34
3033,0.78
3034,0.09
3035,0.41
3036,0.02
3037,0.63
3038,0.79
3039,0.17
3040,0.52
3041,0.40
3042,0.91
3043,0.20
3044,0.90
3045,0.47
3046,0.31
3047,0.09
3048,0.17
3049,0.24
3050,0.43
3051,0.57
3052,0.40
3053,0.72
3054,0.17
3055,0.17
3056,0.85
3057,0.13
3058,0.51
3059,0.46
3060,0.41
3061,0.03
3062,0.36
3063,0.64
3064,0.06
3065,0.47
3066,0.37
3067,0.76
3068,0.65
3069,0.62
3070,0.38
3071,0.24
3072,0.06
3073,0.33
3074,0.29
3075,0.58
3076,0.22
3077,0.23
3078,0.74
3079,0.89
3080,0.39
3081,0.59
3082,0.32
3083,0.65
3084,0.75
3085,0.54
3086,0.64
3087,0.61
3088,0.25
3089,0.10
3090,0.68
3091,0.86
3092,0.09
3093,0.65
3094,0.24
3095,0.64
3096,0.75
3097,0.74
3098,0.53
3099,0.58
3100,0.99
3101,0.40
3102,0.76
3103,0.58
3104,0.83
3105,0.44
3106,0.70
3107,0.40
3108,0.32
3109,0.12
3110,0.03
3111,0.06
3112,0.97
3113,0.86
3114,0.57
3115,0.39
3116,0.61
3117,0.45
3118,0.29
3119,0.87
3120,0.48
3121,0.72
3122,0.61
3123,0.67
3124,0.14
3125,0.52
3126,0.83
3127,0.10
3128,0.28
3129,0.15
3130,0.72
3131,0.03
3132,0.93
3133,0.84
3134,0.65
3135,0.61
3136,0.37
3137,0.52
3138,0.36
3139,0.82
3140,0.71
3141,0.52
3142,0.58
3143,0.52
3144,0.26
3145,0.57
3146,0.12
3147,0.21
3148,0.51
3149,0.86
3150,0.16
3151,0.81
3152,0.04
3153,0.92
3154,0.23
3155,0.76
3156,0.53
3157,0.26
3158,0.27
3159,0.21
3160,0.05
3161,0.09
3162,0.09
3163,0.85
3164,0.23
3165,0.13
3166,0.59
3167,0.73
3168,0.10
3169,0.84
3170,0.94
3171,0.20
3172,0.11
3173,0.17
3174,0.10
3175,0.82
3176,0.79
3177,0.22
3178,0.09
3179,0.91
3180,0.45
3181,0.15
3182,0.29
3183,0.75
3184,0.41
3185,0.86
3186,0.57
3187,0.33
3188,0.92
3189,0.31
3190,0.82
3191,0.93
3192,0.49
3193,0.25
3194,0.84
3195,0.02
3196,0.96
3197,0.66
3198,0.73
3199,0.08
3200,0.93
3201,0.04
3202,0.04
3203,0.50
3204,0.33
3205,0.98
3206,0.53
3207,0.52
3208,0.16
3209,0.80
3210,0.11
3211,0.40
3212,0.13
3213,0.42
3214,0.74
3215,0.05
3216,0.07
3217,0.34
3218,0.38
3219,0.52
3220,0.19
3221,0.79
3222,0.58
3223,0.10
3224,0.41
3225,0.09
3226,0.72
3227,0.60
3228,0.82
3229,0.96
3230,0.12
3231,0.22
3232,0.86
3233,0.80
3234,0.40
3235,1.00
3236,0.11
3237,0.07
3238,0.94
3239,1.00
3240,0.23
3241,0.47
3242,0.04
3243,0.56
3244,0.42
3245,0.53
3246,1.00
3247,0.99
3248,0.32
3249,0.54
3250,0.40
3251,0.25
3252,0.50
3253,0.72
3254,0.62
3255,0.35
3256,0.31
3257,0.68
3258,0.91
3259,0.52
3260,0.74
3261,0.10
3262,0.41
3263,0.12
3264,0.92
3265,0.54
3266,0.16
3267,0.29
3268,0.32
3269,0.24
3270,0.68
3271,0.37
3272,0.54
3273,0.44
3274,0.90
3275,0.18
3276,0.03
3277,0.62
3278,0.78
3279,0.76
3280,0.18
3281,0.97
3282,0.90
3283,0.34
3284,0.50
3285,0.51
3286,0.20
3287,0.15
3288,0.96
3289,0.69
3290,0.05
3291,0.79
3292,0.74
3293,0.22
3294,0.59
3295,0.31
3296,0.24
3297,0.61
3298,0.60
3299,0.49
3300,0.27
3301,0.49
3302,0.83
3303,0.83
3304,0.98
3305,0.15
3306,0.03
3307,0.35
3308,0.51
3309,0.77
3310,0.91
3311,0.85
3312,0.70
3313,0.65
3314,0.34
3315,0.83
3316,0.89
3317,0.73
3318,0.34
3319,0.26
3320,0.10
3321,0.65
3322,0.59
3323,0.91
3324,0.92
3325,0.31
3326,0.14
3327,0.36
3328,0.39
3329,0.60
3330,0.93
3331,0.72
3332,0.44
3333,0.93
3334,0.79
3335,0.10
3336,0.73
3337,0.64
3338,0.59
3339,0.92
3340,0.40
3341,0.90
3342,0.62
3343,0.58
3344,0.40
3345,0.62
3346,0.47
3347,0.60
3348,0.11
3349,0.09
3350,0.59
3351,0.34
3352,0.61
3353,0.52
3354,0.28
3355,0.54
3356,0.90
3357,0.29
3358,0.40
3359,0.57
3360,0.02
3361,0.92
3362,0.44
3363,0.85
3364,0.34
3365,0.91
3366,0.25
3367,0.25
3368,0.39
3369,0.20
3370,0.17
3371,0.30
3372,0.75
3373,0.00
3374,0.96
3375,0.96
3376,0.01
3377,0.62
3378,0.51
3379,0.23
3380,0.50
3381,0.67
3382,0.05
3383,0.84
3384,0.73
3385,0.42
3386,0.07
3387,0.42
3388,0.30
3389,0.31
3390,0.07
3391,0.91
3392,0.72
3393,0.65
3394,0.92
3395,0.44
3396,0.61
3397,0.37
3398,0.31
3399,0.64
3400,0.48
3401,0.30
3402,0.82
3403,0.59
3404,0.75
3405,0.54
3406,0.55
3407,0.71
3408,0.50
3409,0.07
3410,0.69
3411,0.11
3412,0.41
3413,0.42
3414,0.68
3415,0.11
3416,0.60
3417,0.69
3418,0.12
3419,0.50
3420,0.65
3421,0.30
3422,0.18
3423,0.18
3424,0.09
3425,0.59
3426,0.23
3427,0.02
3428,0.48
3429,0.47
3430,0.91
3431,0.23
3432,0.01
3433,0.71
3434,0.14
3435,0.74
3436,0.74
3437,0.11
3438,0.55
3439,0.63
3440,0.23
3441,0.29
3442,0.97
3443,0.76
3444,0.81
3445,0.92
3446,0.78
3447,0.84
3448,0.14
3449,0.11
3450,0.13
3451,0.41
3452,0.39
3453,0.81
3454,0.06
3455,0.57
3456,0.17
3457,0.65
3458,0.21
3459,0.53
3460,0.35
3461,0.45
3462,0.44
3463,0.07
3464,0.51
3465,0.89
3466,0.82
3467,0.18
3468,0.38
3469,0.43
3470,0.85
3471,0.14
3472,0.53
3473,0.90
3474,0.08
3475,0.45
3476,0.03
3477,0.33
3478,0.85
3479,0.61
3480,1.00
3481,0.51
3482,0.90
3483,0.07
3484,0.28
3485,0.99
3486,0.80
3487,0.21
3488,1.00
3489,0.41
3490,0.78
3491,0.03
3492,0.75
3493,0.73
3494,0.72
3495,0.03
3496,0.10
3497,0.67
3498,0.21
3499,0.58
3500,0.15
3501,0.47
3502,0.57
3503,0.12
3504,0.36
3505,0.62
3506,0.76
3507,0.07
3508,0.80
3509,0.71
3510,0.55
3511,0.88
3512,0.90
3513,0.47
3514,0.11
3515,0.65
3516,0.93
3517,0.97
3518,0.73
3519,0.23
3520,0.45
3521,0.95
3522,0.33
3523,0.75
3524,0.38
3525,0.32
3526,0.10
3527,0.89
3528,0.00
3529,0.14
3530,0.40
3531,0.89
3532,0.00
3533,0.90
3534,0.77
3535,0.98
3536,0.34
3537,0.18
3538,0.20
3539,0.20
3540,0.45
3541,0.41
3542,0.02
3543,1.00
3544,0.21
3545,0.35
3546,0.50
3547,0.69
3548,0.61
3549,0.38
3550,0.37
3551,0.88
3552,0.44
3553,0.95
3554,0.35
3555,0.22
3556,0.63
3557,0.42
3558,0.90
3559,0.47
3560,0.16
3561,0.81
3562,0.27
3563,0.62
3564,0.33
3565,0.77
3566,0.44
3567,0.95
3568,0.97
3569,0.55
3570,0.90
3571,0.48
3572,0.52
3573,0.94
3574,0.42
3575,0.71
3576,0.70
3577,0.63
3578,0.01
3579,0.58
3580,0.39
3581,0.18
3582,0.46
3583,0.03
3584,0.19
3585,1.00
3586,0.30
3587,0.85
3588,0.10
3589,0.27
3590,0.03
3591,0.30
3592,0.18
3593,0.97
3594,0.03
3595,0.41
3596,0.18
3597,0.43
3598,0.66
3599,0.68
3600,0.10
3601,0.36
3602,0.57
3603,0.22
3604,0.46
3605,0.80
3606,0.66
3607,0.71
3608,0.59
3609,0.35
3610,0.50
3611,0.15
3612,0.44
3613,0.70
3614,0.34
3615,0.85
3616,0.89
3617,0.24
3618,0.75
3619,0.55
3620,0.59
3621,0.28
3622,0.95
3623,0.22
3624,0.50
3625,0.36
3626,0.87
3627,0.79
3628,0.73
3629,0.74
3630,0.13
3631,0.08
3632,0.72
3633,0.70
3634,0.45
3635,0.25
3636,0.65
3637,0.91
3638,0.51
3639,0.54
3640,0.88
3641,0.95
3642,0.47
3643,0.65
3644,0.59
3645,0.90
3646,0.49
3647,0.72
3648,0.51
3649,0.17
3650,0.71
3651,0.82
3652,0.15
3653,0.41
3654,0.78
3655,0.53
3656,0.80
3657,0.10
3658,0.85
3659,0.24
3660,0.94
3661,0.47
3662,0.90
3663,0.37
3664,0.87
3665,0.98
3666,0.78
3667,0.99
3668,0.70
3669,0.93
3670,0.81
3671,0.75
3672,0.88
3673,0.24
3674,0.14
3675,0.86
3676,0.17
3677,0.02
3678,0.46
3679,0.50
3680,1.00
3681,0.70
3682,0.31
3683,0.89
3684,0.58
3685,0.79
3686,0.72
3687,0.11
3688,0.71
3689,0.81
3690,0.19
3691,0.47
3692,0.53
3693,0.00
3694,0.24
3695,0.36
3696,0.93
3697,0.20
3698,0.53
3699,0.84
3700,0.96
3701,0.13
3702,0.04
3703,0.24
3704,1.00
3705,0.73
3706,0.81
3707,0.53
3708,0.11
3709,0.33
3710,0.88
3711,0.91
3712,0.55
3713,0.54
3714,0.68
3715,0.21
3716,0.95
3717,0.54
3718,0.73
3719,0.05
3720,0.69
3721,1.00
3722,0.65
3723,0.97
3724,0.21
3725,0.24
3726,0.99
3727,0.10
3728,0.07
3729,0.43
3730,0.48
3731,0.79
3732,0.23
3733,0.32
3734,0.10
3735,0.96
3736,0.80
3737,0.10
3738,0.34
3739,0.08
3740,0.26
3741,0.16
3742,0.86
3743,0.24
3744,0.25
3745,0.76
3746,1.00
3747,0.25
3748,0.59
3749,0.96
3750,0.41
3751,0.35
3752,0.24
3753,0.72
3754,0.19
3755,0.76
3756,0.10
3757,0.82
3758,0.93
3759,0.65
3760,0.03
3761,0.48
3762,0.35
3763,0.23
3764,0.90
3765,0.11
3766,0.34
3767,0.71
3768,0.32
3769,0.04
3770,0.07
3771,0.45
3772,0.94
3773,0.28
3774,0.56
3775,0.34
3776,0.98
3777,0.64
3778,0.95
3779,0.38
3780,0.18
3781,0.85
3782,0.17
3783,0.93
3784,0.30
3785,0.51
3786,0.99
3787,0.51
3788,0.46
3789,0.48
3790,0.56
3791,0.15
3792,0.07
3793,0.85
3794,0.44
3795,0.09
3796,0.05
3797,0.40
3798,0.84